name,best_affinity,all_affinities,status
HYDROMORPHONE,-8.577,"[-8.577, -7.614, -6.222, -5.258, -5.168, 0.0, 1.0, 10.0, 16.0]",success
FUROSEMIDE,-8.358,"[-8.358, -7.646, -7.309, -7.263, -7.017, 0.0, 1.0, 10.0, 16.0]",
LENALIDOMIDE,-8.247,"[-8.247, -7.593, -5.651, -5.627, -5.503, 0.0, 1.0, 10.0, 16.0]",
BUFEXAMAC,-8.063,"[-8.063, -7.976, -7.739, -7.528, -7.427, 0.0, 1.0, 10.0, 16.0]",
OXYMORPHONE,-8.045,"[-8.045, -4.977, -4.279, -4.2, -4.098, 0.0, 1.0, 10.0, 16.0]",success
TOLOXATONE,-8.017,"[-8.017, -7.562, -7.535, -7.533, -4.979, 0.0, 1.0, 10.0, 16.0]",
AVIBACTAM,-7.949,"[-7.949, -7.259, -7.206, -7.006, -6.81, 0.0, 1.0, 10.0, 16.0]",
FROVATRIPTAN,-7.82,"[-7.82, -5.291, -4.274, -4.164, -2.796, 0.0, 1.0, 10.0, 16.0]",
CANTHARIDIN,-7.814,"[-7.814, -7.433, -7.397, -7.379, -7.237, 0.0, 1.0, 10.0, 16.0]",success
CARPROFEN,-7.726,"[-7.726, -6.969, -6.534, -6.05, -5.988, 0.0, 1.0, 10.0, 16.0]",
BACLOFEN,-7.713,"[-7.713, -7.377, -7.276, -7.12, -6.62, 0.0, 1.0, 10.0, 16.0]",
CYCLANDELATE,-7.623,"[-7.623, -6.945, -6.616, -6.407, -6.143, 0.0, 1.0, 10.0, 16.0]",
PROCARBAZINE,-7.616,"[-7.616, -5.427, -5.393, -5.297, -4.991, 0.0, 1.0, 10.0, 16.0]",
SULBACTAM,-7.601,"[-7.601, -7.567, -6.653, -6.648, -6.314, 0.0, 1.0, 10.0, 16.0]",
TALBUTAL,-7.551,"[-7.551, -7.004, -6.811, -6.774, -6.539, 0.0, 1.0, 10.0, 16.0]",
ALCLOFENAC,-7.55,"[-7.55, -7.433, -6.783, -6.727, -6.481, 0.0, 1.0, 10.0, 16.0]",
VINBARBITAL,-7.537,"[-7.537, -7.417, -6.832, -6.797, -6.508, 0.0, 1.0, 10.0, 16.0]",
PHENICARBAZIDE,-7.466,"[-7.466, -7.207, -6.958, -6.864, -6.679, 0.0, 1.0, 10.0, 16.0]",
VORINOSTAT,-7.456,"[-7.456, -7.267, -6.934, -6.693, -6.487, 0.0, 1.0, 10.0, 16.0]",
CINOXACIN,-7.449,"[-7.449, -6.745, -6.707, -6.405, -6.279, 0.0, 1.0, 10.0, 16.0]",
ASPIRIN,-7.403,"[-7.403, -6.959, -6.931, -6.898, -6.724, 0.0, 1.0, 10.0, 16.0]",
PROGLUMIDE,-7.388,"[-7.388, -7.087, -5.456, -5.286, -5.25, 0.0, 1.0, 10.0, 16.0]",
TOLCAPONE,-7.362,"[-7.362, -7.236, -6.506, -6.172, -5.872, 0.0, 1.0, 10.0, 16.0]",
EFAVIRENZ,-7.322,"[-7.322, -7.303, -6.748, -6.467, -6.097, 0.0, 1.0, 10.0, 16.0]",
ETHACRYNIC ACID,-7.266,"[-7.266, -6.558, -4.958, -4.758, -4.006, 0.0, 1.0, 10.0, 16.0]",
PHENACETIN,-7.159,"[-7.159, -7.031, -6.871, -6.818, -5.965, 0.0, 1.0, 10.0, 16.0]",
AMINOSALICYLIC ACID,-7.154,"[-7.154, -6.917, -6.915, -6.655, -6.5, 0.0, 1.0, 10.0, 16.0]",
ZOLMITRIPTAN,-7.145,"[-7.145, -7.016, -6.838, -6.728, -6.612, 0.0, 1.0, 10.0, 16.0]",
PROBENECID,-7.13,"[-7.13, -6.925, -6.878, -6.678, -6.369, 0.0, 1.0, 10.0, 16.0]",
AMILORIDE,-7.114,"[-7.114, -6.759, -6.59, -6.451, -6.404, 0.0, 1.0, 10.0, 16.0]",
AMINOHIPPURIC ACID,-7.111,"[-7.111, -6.978, -6.818, -6.555, -6.307, 0.0, 1.0, 10.0, 16.0]",
BENDAZAC,-7.102,"[-7.102, -6.157, -5.856, -5.751, -5.484, 0.0, 1.0, 10.0, 16.0]",
FLUORODOPA F 18,-7.101,"[-7.101, -6.92, -6.727, -6.551, -6.381, 0.0, 1.0, 10.0, 16.0]",
SULFACARBAMIDE,-7.064,"[-7.064, -6.824, -6.778, -6.753, -6.675, 0.0, 1.0, 10.0, 16.0]",
IBUPROFEN,-7.055,"[-7.055, -6.993, -6.926, -6.566, -6.365, 0.0, 1.0, 10.0, 16.0]",
FELBAMATE,-7.037,"[-7.037, -6.07, -5.988, -5.94, -5.793, 0.0, 1.0, 10.0, 16.0]",
FLUORODOPA,-7.026,"[-7.026, -6.971, -6.613, -6.566, -6.486, 0.0, 1.0, 10.0, 16.0]",
ALCAFTADINE,-7.023,"[-7.023, -5.669, -5.617, -5.616, -4.961, 0.0, 1.0, 10.0, 16.0]",
ACETAMINOPHEN,-7.009,"[-7.009, -6.732, -6.705, -6.481, -6.336, 0.0, 1.0, 10.0, 16.0]",
TOCAINIDE,-6.983,"[-6.983, -6.77, -6.325, -5.94, -5.617, 0.0, 1.0, 10.0, 16.0]",
ATENOLOL,-6.978,"[-6.978, -6.891, -6.866, -6.016, -5.891, 0.0, 1.0, 10.0, 16.0]",
CHLORPHENESIN CARBAMATE,-6.959,"[-6.959, -6.851, -6.772, -6.651, -6.637, 0.0, 1.0, 10.0, 16.0]",
METHARBITAL,-6.921,"[-6.921, -6.545, -6.466, -6.445, -6.297, 0.0, 1.0, 10.0, 16.0]",
MESALAMINE,-6.888,"[-6.888, -6.856, -6.591, -6.582, -6.54, 0.0, 1.0, 10.0, 16.0]",
LACOSAMIDE,-6.879,"[-6.879, -6.507, -6.277, -6.143, -6.132, 0.0, 1.0, 10.0, 16.0]",
SULFACETAMIDE,-6.818,"[-6.818, -6.751, -6.691, -6.49, -5.965, 0.0, 1.0, 10.0, 16.0]",
HYDROCODONE,-6.8,"[-6.8, -4.767, -4.762, -2.984, -2.932, 0.0, 1.0, 10.0, 16.0]",success
METYROSINE,-6.794,"[-6.794, -6.527, -6.488, -6.29, -6.258, 0.0, 1.0, 10.0, 16.0]",
DEXIBUPROFEN,-6.778,"[-6.778, -6.021, -5.729, -5.526, -5.474, 0.0, 1.0, 10.0, 16.0]",
MEBUTAMATE,-6.76,"[-6.76, -6.482, -6.395, -6.219, -6.009, 0.0, 1.0, 10.0, 16.0]",
METHYLDOPA,-6.723,"[-6.723, -6.17, -5.98, -5.928, -5.537, 0.0, 1.0, 10.0, 16.0]",
CLOFIBRATE,-6.716,"[-6.716, -6.312, -6.055, -6.027, -5.918, 0.0, 1.0, 10.0, 16.0]",
METHOCARBAMOL,-6.704,"[-6.704, -6.57, -6.52, -6.371, -6.322, 0.0, 1.0, 10.0, 16.0]",
EZOGABINE,-6.68,"[-6.68, -6.176, -5.785, -5.554, -5.04, 0.0, 1.0, 10.0, 16.0]",
GABAPENTIN ENACARBIL,-6.631,"[-6.631, -5.891, -5.694, -5.624, -4.91, 0.0, 1.0, 10.0, 16.0]",success
GUANFACINE,-6.575,"[-6.575, -6.482, -6.073, -5.964, -5.381, 0.0, 1.0, 10.0, 16.0]",
FLUPIRTINE,-6.573,"[-6.573, -6.444, -6.255, -3.828, -2.62, 0.0, 1.0, 10.0, 16.0]",
OXAPROZIN,-6.568,"[-6.568, -6.567, -6.355, -5.933, -5.724, 0.0, 1.0, 10.0, 16.0]",
BUTAMBEN,-6.555,"[-6.555, -6.395, -6.385, -6.347, -6.338, 0.0, 1.0, 10.0, 16.0]",
CARBIDOPA ANHYDROUS,-6.536,"[-6.536, -6.412, -6.381, -6.303, -6.133, 0.0, 1.0, 10.0, 16.0]",
NICORANDIL,-6.536,"[-6.536, -6.433, -6.182, -6.16, -6.135, 0.0, 1.0, 10.0, 16.0]",
METHYLDOPATE,-6.516,"[-6.516, -6.078, -5.918, -5.78, -5.523, 0.0, 1.0, 10.0, 16.0]",
AGOMELATINE,-6.516,"[-6.516, -6.341, -6.339, -6.079, -5.908, 0.0, 1.0, 10.0, 16.0]",
DURLOBACTAM,-6.513,"[-6.513, -5.655, -5.146, -5.007, -4.904, 0.0, 1.0, 10.0, 16.0]",
IBUFENAC,-6.507,"[-6.507, -6.469, -6.449, -6.182, -5.734, 0.0, 1.0, 10.0, 16.0]",
CLOFOREX,-6.489,"[-6.489, -6.376, -6.317, -6.27, -6.073, 0.0, 1.0, 10.0, 16.0]",
MEPROBAMATE,-6.477,"[-6.477, -6.413, -6.238, -6.119, -6.092, 0.0, 1.0, 10.0, 16.0]",
DIETHYLPROPION,-6.446,"[-6.446, -6.094, -6.084, -5.794, -5.7, 0.0, 1.0, 10.0, 16.0]",
METHYL SALICYLATE,-6.374,"[-6.374, -6.352, -6.139, -6.078, -6.064, 0.0, 1.0, 10.0, 16.0]",
LEVACETYLLEUCINE,-6.364,"[-6.364, -6.328, -6.12, -6.083, -6.063, 0.0, 1.0, 10.0, 16.0]",
TAZOBACTAM,-6.359,"[-6.359, -6.043, -5.521, -5.436, -5.101, 0.0, 1.0, 10.0, 16.0]",success
AMINEPTINE,-6.35,"[-6.35, -5.429, -5.398, -5.319, -4.74, 0.0, 1.0, 10.0, 16.0]",
CARISOPRODOL,-6.314,"[-6.314, -6.141, -5.828, -5.785, -5.665, 0.0, 1.0, 10.0, 16.0]",
PRILOCAINE,-6.284,"[-6.284, -6.182, -6.08, -6.031, -5.675, 0.0, 1.0, 10.0, 16.0]",
BUPROPION,-6.277,"[-6.277, -5.744, -5.079, -5.039, -4.934, 0.0, 1.0, 10.0, 16.0]",
TETRACAINE,-6.276,"[-6.276, -5.668, -5.457, -5.402, -5.322, 0.0, 1.0, 10.0, 16.0]",
MIDODRINE,-6.272,"[-6.272, -6.168, -5.387, -5.307, -5.129, 0.0, 1.0, 10.0, 16.0]",
ESMOLOL,-6.261,"[-6.261, -5.944, -5.878, -5.569, -5.395, 0.0, 1.0, 10.0, 16.0]",
LIDOCAINE,-6.212,"[-6.212, -6.12, -5.848, -5.761, -5.696, 0.0, 1.0, 10.0, 16.0]",
CARGLUMIC ACID,-6.203,"[-6.203, -6.112, -6.07, -5.879, -5.786, 0.0, 1.0, 10.0, 16.0]",
PANTOTHENIC ACID,-6.2,"[-6.2, -5.954, -5.629, -5.597, -5.364, 0.0, 1.0, 10.0, 16.0]",
FAMCICLOVIR,-6.19,"[-6.19, -5.953, -5.951, -5.882, -5.792, 0.0, 1.0, 10.0, 16.0]",success
OXYCODONE,-6.172,"[-6.172, -2.648, -2.35, -1.93, 0.0, 1.0, 6.017, 10.0, 16.0]",success
HEXAMINOLEVULINATE,-6.161,"[-6.161, -5.648, -5.563, -5.492, -5.378, 0.0, 1.0, 10.0, 16.0]",
BUCETIN,-6.15,"[-6.15, -5.367, -5.241, -5.044, -4.908, 0.0, 1.0, 10.0, 16.0]",
BROMISOVALUM,-6.138,"[-6.138, -5.728, -5.64, -5.534, -5.42, 0.0, 1.0, 10.0, 16.0]",
NABUMETONE,-6.131,"[-6.131, -5.688, -5.631, -5.446, -5.076, 0.0, 1.0, 10.0, 16.0]",
GEMFIBROZIL,-6.13,"[-6.13, -5.877, -5.604, -5.549, -5.334, 0.0, 1.0, 10.0, 16.0]",
METHOHEXITAL,-6.124,"[-6.124, -5.828, -5.653, -5.072, -5.068, 0.0, 1.0, 10.0, 16.0]",
CARBETAPENTANE,-6.118,"[-6.118, -5.511, -3.236, -2.67, -2.458, 0.0, 1.0, 10.0, 16.0]",
PROPOXYCAINE,-6.031,"[-6.031, -4.691, -4.231, -4.031, -3.949, 0.0, 1.0, 10.0, 16.0]",
DINOPROSTONE,-6.031,"[-6.031, -4.53, -4.401, -4.374, -4.274, 0.0, 1.0, 10.0, 16.0]",
PROCAINE,-5.974,"[-5.974, -5.553, -5.348, -5.327, -5.319, 0.0, 1.0, 10.0, 16.0]",
SULFADICRAMIDE,-5.882,"[-5.882, -5.805, -5.337, -5.23, -5.017, 0.0, 1.0, 10.0, 16.0]",
RITLECITINIB,-5.879,"[-5.879, -4.834, -4.611, -4.545, -3.557, 0.0, 1.0, 10.0, 16.0]",
FOSCARBIDOPA,-5.865,"[-5.865, -5.839, -5.45, -5.005, -4.997, 0.0, 1.0, 10.0, 16.0]",
EFLORNITHINE,-5.862,"[-5.862, -5.612, -5.574, -5.548, -5.404, 0.0, 1.0, 10.0, 16.0]",
NIFEDIPINE,-5.853,"[-5.853, -4.538, -3.55, -2.697, -2.672, 0.0, 1.0, 10.0, 16.0]",
VALACYCLOVIR,-5.847,"[-5.847, -5.824, -5.693, -5.235, -5.123, 0.0, 1.0, 10.0, 16.0]",
DEXPANTHENOL,-5.843,"[-5.843, -5.392, -5.211, -5.161, -5.055, 0.0, 1.0, 10.0, 16.0]",
OXAZEPAM,-5.819,"[-5.819, -2.187, -1.198, -0.044, 0.0, 0.852, 1.0, 10.0, 16.0]",
CITRIC ACID,-5.773,"[-5.773, -5.693, -5.603, -5.546, -5.53, 0.0, 1.0, 10.0, 16.0]",
LISDEXAMFETAMINE,-5.765,"[-5.765, -5.706, -5.676, -5.601, 0.0, 1.0, 10.0, 16.0]",
FOSLEVODOPA,-5.749,"[-5.749, -5.711, -5.652, -5.551, -5.33, 0.0, 1.0, 10.0, 16.0]",
CLOPIDOGREL,-5.738,"[-5.738, -5.553, -4.551, -4.415, -4.355, 0.0, 1.0, 10.0, 16.0]",
IPRONIAZID,-5.737,"[-5.737, -5.475, -5.31, -5.206, -5.101, 0.0, 1.0, 10.0, 16.0]",
NALOXONE,-5.732,"[-5.732, -3.808, -3.449, -2.642, -2.596, 0.0, 1.0, 10.0, 16.0]",success
PREGABALIN,-5.7,"[-5.7, -5.507, -5.404, -5.358, -5.316, 0.0, 1.0, 10.0, 16.0]",
ICOSAPENT ETHYL,-5.674,"[-5.674, -5.201, -4.802, -4.652, -4.634, 0.0, 1.0, 10.0, 16.0]",
LAPYRIUM,-5.668,"[-5.668, -5.175, -5.029, -4.87, -4.83, 0.0, 1.0, 10.0, 16.0]",
IODOHIPPURATE,-5.626,"[-5.626, -5.302, -4.078, -3.879, -3.714, 0.0, 1.0, 10.0, 16.0]",
CHLORAMBUCIL,-5.615,"[-5.615, -5.577, -5.077, -5.048, -4.996, 0.0, 1.0, 10.0, 16.0]",
MEPENZOLATE,-5.615,"[-5.615, -3.158, -1.946, -1.942, -1.659, 0.0, 1.0, 10.0, 16.0]",
BENFLUOREX,-5.607,"[-5.607, -5.42, -5.076, -4.955, -4.813, 0.0, 1.0, 10.0, 16.0]",
BENOXINATE,-5.603,"[-5.603, -5.108, -4.787, -4.691, -4.325, 0.0, 1.0, 10.0, 16.0]",success
BETHANECHOL,-5.575,"[-5.575, -5.549, -4.898, -4.539, -4.435, 0.0, 1.0, 10.0, 16.0]",
MELPHALAN,-5.55,"[-5.55, -5.39, -4.919, -4.439, -4.03, 0.0, 1.0, 10.0, 16.0]",
ACAMPROSATE,-5.547,"[-5.547, -5.458, -5.445, -5.424, -5.397, 0.0, 1.0, 10.0, 16.0]",
GLYCOPYRRONIUM,-5.545,"[-5.545, -4.57, -3.955, -3.604, -3.495, 0.0, 1.0, 10.0, 16.0]",
PYROVALERONE,-5.535,"[-5.535, -5.412, -4.966, -4.831, -4.764, 0.0, 1.0, 10.0, 16.0]",
ALPROSTADIL,-5.527,"[-5.527, -5.388, -5.177, -5.03, -4.266, 0.0, 1.0, 10.0, 16.0]",
CHLORAMPHENICOL,-5.503,"[-5.503, -5.205, -4.777, -3.651, -3.601, 0.0, 1.0, 10.0, 16.0]",
CARMUSTINE,-5.502,"[-5.502, -5.255, -5.246, -4.921, -4.616, 0.0, 1.0, 10.0, 16.0]",
CHLOROPROCAINE,-5.496,"[-5.496, -5.447, -5.379, -5.326, -5.309, 0.0, 1.0, 10.0, 16.0]",
BIOALLETHRIN,-5.491,"[-5.491, -5.067, -4.935, -4.198, -4.076, 0.0, 1.0, 10.0, 16.0]",success
CAPSAICIN,-5.457,"[-5.457, -5.212, -5.158, -4.443, -4.184, 0.0, 1.0, 10.0, 16.0]",
RIVASTIGMINE,-5.431,"[-5.431, -4.97, -4.912, -4.837, -4.582, 0.0, 1.0, 10.0, 16.0]",
FENSPIRIDE,-5.394,"[-5.394, -5.369, -5.067, -4.918, -4.585, 0.0, 1.0, 10.0, 16.0]",
NEOSTIGMINE,-5.373,"[-5.373, -5.238, -4.769, -3.866, -2.848, 0.0, 1.0, 10.0, 16.0]",
MOXISYLYTE,-5.369,"[-5.369, -4.624, -3.67, -1.47, 0.0, 1.0, 1.596, 10.0, 16.0]",
OCTINOXATE,-5.328,"[-5.328, -5.194, -5.033, -4.725, -4.715, 0.0, 1.0, 10.0, 16.0]",
DINOPROST,-5.313,"[-5.313, -4.863, -4.73, -4.391, -3.947, 0.0, 1.0, 10.0, 16.0]",success
ENALAPRILAT ANHYDROUS,-5.3,"[-5.3, -4.623, -4.562, -4.279, -4.241, 0.0, 1.0, 10.0, 16.0]",
PIPERIDOLATE,-5.295,"[-5.295, -4.891, -4.607, -3.676, -3.5, 0.0, 1.0, 10.0, 16.0]",success
COCAINE,-5.29,"[-5.29, -5.27, -5.248, -5.173, -4.437, 0.0, 1.0, 10.0, 16.0]",success
METHACHOLINE,-5.285,"[-5.285, -5.165, -4.826, -4.768, -4.458, 0.0, 1.0, 10.0, 16.0]",
MALATHION,-5.264,"[-5.264, -4.971, -4.938, -4.819, -4.332, 0.0, 1.0, 10.0, 16.0]",
CHLORPROPAMIDE,-5.209,"[-5.209, -5.203, -5.153, -5.092, -3.865, 0.0, 1.0, 10.0, 16.0]",
TIOPRONIN,-5.183,"[-5.183, -4.683, -4.513, -4.465, -4.414, 0.0, 1.0, 10.0, 16.0]",
AVOBENZONE,-5.156,"[-5.156, -4.894, -4.456, -4.11, -3.398, 0.0, 1.0, 10.0, 16.0]",
METIPRANOLOL,-5.077,"[-5.077, -4.554, -4.268, -4.166, -4.071, 0.0, 1.0, 10.0, 16.0]",
LEVOCARNITINE,-5.038,"[-5.038, -5.036, -5.026, -4.892, -4.857, 0.0, 1.0, 10.0, 16.0]",
PROPANIDID,-5.017,"[-5.017, -4.937, -4.928, -4.117, 0.0, 1.0, 10.0, 14.7, 16.0]",
DICYCLOMINE,-5.009,"[-5.009, -4.62, -4.157, -4.015, -3.994, 0.0, 1.0, 10.0, 16.0]",success
CILASTATIN,-4.992,"[-4.992, -4.577, -4.525, -4.259, -4.185, 0.0, 1.0, 10.0, 16.0]",success
PROPARACAINE,-4.978,"[-4.978, -4.965, -4.858, -4.757, -4.622, 0.0, 1.0, 10.0, 16.0]",
OXELADIN,-4.973,"[-4.973, -4.166, -4.086, -4.02, -3.937, 0.0, 1.0, 10.0, 16.0]",
AZARIBINE,-4.971,"[-4.971, -4.52, -2.362, -2.351, -2.292, 0.0, 1.0, 10.0, 16.0]",success
LODOXAMIDE,-4.969,"[-4.969, -3.075, -2.969, -2.918, -2.876, 0.0, 1.0, 10.0, 16.0]",
ACETYLCYSTEINE,-4.951,"[-4.951, -4.905, -4.894, -4.739, -4.687, 0.0, 1.0, 10.0, 16.0]",
PEFICITINIB,-4.95,"[-4.95, -4.621, -3.832, -3.628, -3.111, 0.0, 1.0, 10.0, 16.0]",success
DIPIVEFRIN,-4.893,"[-4.893, 0.0, 1.0, 1.209, 4.24, 10.0, 16.0]",
ACEBUTOLOL,-4.888,"[-4.888, -4.811, -4.566, -4.276, -3.792, 0.0, 1.0, 10.0, 16.0]",
IDEBENONE,-4.875,"[-4.875, -4.385, -4.325, -4.163, -4.013, 0.0, 1.0, 10.0, 16.0]",
NILUTAMIDE,-4.869,"[-4.869, -4.499, -3.977, -3.674, -3.657, 0.0, 1.0, 10.0, 16.0]",
SERATRODAST,-4.869,"[-4.869, -4.256, -3.675, -3.348, -1.203, 0.0, 1.0, 10.0, 16.0]",
OSELTAMIVIR,-4.862,"[-4.862, -4.014, -3.877, -3.525, -3.433, 0.0, 1.0, 10.0, 16.0]",
TARTARIC ACID,-4.72,"[-4.72, -4.714, -4.65, -4.605, -4.604, 0.0, 1.0, 10.0, 16.0]",
FLUMAZENIL,-4.694,"[-4.694, -4.649, -3.418, -2.194, -1.756, 0.0, 1.0, 10.0, 16.0]",
XYLOSE,-4.693,"[-4.693, -4.602, -4.488, -4.474, -4.342, 0.0, 1.0, 10.0, 16.0]",
CINCHOPHEN,-4.692,"[-4.692, -4.142, -4.026, -2.297, -2.006, 0.0, 1.0, 10.0, 16.0]",
BEMPEDOIC ACID,-4.682,"[-4.682, -4.435, -4.238, -4.1, -4.039, 0.0, 1.0, 10.0, 16.0]",
BENZARONE,-4.68,"[-4.68, -4.242, -4.034, -3.362, -1.704, 0.0, 1.0, 10.0, 16.0]",success
SUCCIMER,-4.658,"[-4.658, -4.461, -4.449, -4.442, -4.421, 0.0, 1.0, 10.0, 16.0]",
DISOPYRAMIDE,-4.578,"[-4.578, -3.824, -3.523, -2.052, -1.874, 0.0, 1.0, 10.0, 16.0]",
FOSPHENYTOIN,-4.558,"[-4.558, -2.488, -0.449, 0.0, 0.266, 0.457, 1.0, 10.0, 16.0]",success
GLICLAZIDE,-4.547,"[-4.547, -2.463, -2.402, -1.917, -1.874, 0.0, 1.0, 10.0, 16.0]",success
SELENOMETHIONINE,-4.544,"[-4.544, -4.535, -4.524, -4.388, -4.147, 0.0, 1.0, 10.0, 16.0]",
SELENOMETHIONINE SE 75,-4.533,"[-4.533, -4.518, -4.511, -4.294, -4.145, 0.0, 1.0, 10.0, 16.0]",
IOPHENDYLATE,-4.528,"[-4.528, -3.994, -3.774, -3.396, -0.64, 0.0, 1.0, 10.0, 16.0]",success
PERAMIVIR ANHYDROUS,-4.485,"[-4.485, -4.178, -4.16, -3.774, -3.446, 0.0, 1.0, 10.0, 16.0]",
PROCAINAMIDE,-4.457,"[-4.457, -4.409, -4.224, -3.877, -3.821, 0.0, 1.0, 10.0, 16.0]",
TRIBROMSALAN,-4.442,"[-4.442, -2.245, -1.75, 0.0, 0.807, 1.0, 1.093, 10.0, 16.0]",
ARTESUNATE,-4.434,"[-4.434, -1.978, -1.844, -1.63, -0.901, 1.0, 10.0, 16.0]",success
PHYSOSTIGMINE,-4.422,"[-4.422, -4.223, -3.245, -2.701, -1.105, 0.0, 1.0, 10.0, 16.0]",success
NORETHYNODREL,-4.369,"[-4.369, 0.0, 0.684, 1.0, 2.056, 4.706, 5.141, 10.0, 16.0]",success
PHENOTHRIN,-4.282,"[-4.282, -2.664, -2.457, -2.359, -2.277, 1.0, 10.0, 16.0]",success
IPRATROPIUM,-4.251,"[-4.251, -3.574, -2.531, -2.372, -1.863, 0.0, 1.0, 10.0, 16.0]",
BUMETANIDE,-4.245,"[-4.245, -3.361, -3.232, -3.098, -2.833, 0.0, 1.0, 10.0, 16.0]",success
PIOGLITAZONE,-4.244,"[-4.244, -3.779, -3.644, -2.104, -1.277, 0.0, 1.0, 10.0, 16.0]",success
METOCLOPRAMIDE,-4.205,"[-4.205, -2.131, -1.881, -1.644, -0.993, 0.0, 1.0, 10.0, 16.0]",
SUXAMETHONIUM,-4.125,"[-4.125, -4.093, -3.957, -3.907, -3.804, 0.0, 1.0, 10.0, 16.0]",
HALAZEPAM,-4.001,"[-4.001, -3.56, -2.972, -2.776, -1.886, 0.0, 1.0, 10.0, 16.0]",success
TOLBUTAMIDE,-3.993,"[-3.993, -3.952, -3.874, -3.753, -3.743, 0.0, 1.0, 10.0, 16.0]",
POMALIDOMIDE,-3.964,"[-3.964, -3.567, -3.45, -3.364, -2.931, 0.0, 1.0, 10.0, 16.0]",
KETOTIFEN,-3.906,"[-3.906, -3.379, -1.469, -1.102, -0.564, 0.0, 1.0, 10.0, 16.0]",
TETRAZEPAM,-3.871,"[-3.871, -3.163, -2.335, 0.0, 0.793, 1.0, 2.666, 10.0, 16.0]",
OLODATEROL,-3.871,"[-3.871, -2.828, -2.784, -2.477, -1.866, 1.0, 10.0, 16.0]",success
WARFARIN,-3.784,"[-3.784, -3.756, -3.668, -2.783, -1.906, 0.0, 1.0, 10.0, 16.0]",success
SULFABENZAMIDE,-3.78,"[-3.78, -3.624, -3.229, -2.961, -2.891, 0.0, 1.0, 10.0, 16.0]",
TERIFLUNOMIDE,-3.778,"[-3.778, -3.21, -2.713, -2.121, -1.995, 0.0, 1.0, 10.0, 16.0]",
EVOGLIPTIN,-3.698,"[-3.698, -2.566, -1.665, -1.595, -1.282, 0.0, 1.0, 10.0, 16.0]",success
CILOSTAZOL,-3.692,"[-3.692, -3.254, -3.026, -2.201, -2.194, 1.0, 10.0, 16.0]",success
ANISOTROPINE,-3.631,"[-3.631, -3.628, -3.548, -3.489, -2.731, 0.0, 1.0, 10.0, 16.0]",
TOFACITINIB,-3.619,"[-3.619, -1.268, -0.934, -0.392, 0.0, 1.0, 2.728, 10.0, 16.0]",success
MITOMYCIN,-3.582,"[-3.582, -3.355, -2.576, -2.437, -2.277, 1.0, 10.0, 16.0]",success
DIBENZEPIN,-3.526,"[-3.526, -0.668, -0.235, 0.0, 0.423, 1.0, 2.205, 10.0, 16.0]",
ROFECOXIB,-3.503,"[-3.503, -2.343, -1.926, -1.413, -0.659, 0.0, 1.0, 10.0, 16.0]",
FLECAINIDE,-3.462,"[-3.462, -2.59, -2.474, -2.312, -1.806, 0.0, 1.0, 10.0, 16.0]",success
OXYPHENCYCLIMINE,-3.435,"[-3.435, -2.728, -2.664, -2.488, -2.467, 0.0, 1.0, 10.0, 16.0]",success
ONDANSETRON,-3.383,"[-3.383, -3.369, -3.011, -2.85, -2.409, 0.0, 1.0, 10.0, 16.0]",success
OXYBUTYNIN,-3.368,"[-3.368, -3.286, -2.852, -1.993, 0.0, 1.0, 10.0, 16.0]",success
NIMODIPINE,-3.357,"[-3.357, -1.9, -1.132, -1.037, -0.902, 1.0, 10.0, 16.0]",success
ESTRONE,-3.356,"[-3.356, -2.848, -1.284, 0.0, 0.704, 0.798, 1.0, 10.0, 16.0]",success
RAMOSETRON,-3.325,"[-3.325, -1.13, -0.116, 0.0, 0.898, 1.0, 1.083, 10.0, 16.0]",
ENTACAPONE,-3.317,"[-3.317, -2.845, -2.073, -1.368, -0.567, 0.0, 1.0, 10.0, 16.0]",
FELODIPINE,-3.263,"[-3.263, -3.014, -2.89, -2.762, -2.219, 0.0, 1.0, 10.0, 16.0]",success
CLONAZEPAM,-3.255,"[-3.255, -2.609, -2.553, -2.018, -1.753, 0.0, 1.0, 10.0, 16.0]",success
LESINURAD,-3.117,"[-3.117, -2.883, -2.455, -2.376, -2.105, 0.0, 1.0, 10.0, 16.0]",success
GRISEOFULVIN,-3.079,"[-3.079, 0.0, 0.148, 0.727, 1.0, 3.783, 5.537, 10.0, 16.0]",success
OXYPHENONIUM,-3.054,"[-3.054, -2.532, -2.293, -2.232, -1.616, 0.0, 1.0, 10.0, 16.0]",
ETIDOCAINE,-3.051,"[-3.051, -2.858, -2.848, -2.397, -2.189, 0.0, 1.0, 10.0, 16.0]",
TORSEMIDE,-2.961,"[-2.961, -2.544, -2.392, -2.239, -1.509, 0.0, 1.0, 10.0, 16.0]",success
ISRADIPINE,-2.759,"[-2.759, -2.436, -2.056, -1.894, -1.472, 1.0, 10.0, 16.0]",success
LORACARBEF ANHYDROUS,-2.681,"[-2.681, -0.466, 0.0, 0.29, 1.0, 2.314, 3.438, 10.0, 16.0]",
CLIDINIUM,-2.671,"[-2.671, -2.299, -1.655, -0.62, -0.211, 0.0, 1.0, 10.0, 16.0]",success
CELIPROLOL,-2.624,"[-2.624, -1.516, -1.147, 0.0, 1.0, 4.691, 5.249, 10.0, 16.0]",success
BEPOTASTINE,-2.614,"[-2.614, -1.091, 0.0, 0.371, 1.0, 1.392, 2.365, 10.0, 16.0]",success
INDECAINIDE,-2.61,"[-2.61, -2.349, -2.095, -1.8, -1.749, 0.0, 1.0, 10.0, 16.0]",
DOLASETRON,-2.593,"[-2.593, -2.398, -2.01, -1.903, -1.557, 0.0, 1.0, 10.0, 16.0]",
DIAZEPAM,-2.578,"[-2.578, 0.0, 0.197, 1.0, 2.931, 3.468, 10.0, 16.0, 39.47]",
TAFAMIDIS,-2.444,"[-2.444, -2.189, 0.0, 1.0, 1.544, 1.742, 3.55, 10.0, 16.0]",success
NALTREXONE,-2.411,"[-2.411, -2.184, -1.465, -0.959, 0.0, 0.159, 1.0, 10.0, 16.0]",success
OXYPHENISATINE,-2.367,"[-2.367, -2.045, -0.423, -0.198, -0.11, 0.0, 1.0, 10.0, 16.0]",
PIXANTRONE,-2.33,"[-2.33, -2.324, -1.831, -0.47, -0.394, 0.0, 1.0, 10.0, 16.0]",success
PIRENZEPINE,-2.32,"[-2.32, 0.0, 0.777, 1.0, 1.316, 2.752, 3.179, 10.0, 16.0]",success
FEBUXOSTAT,-2.28,"[-2.28, -2.157, 0.0, 1.0, 1.503, 1.561, 2.456, 10.0, 16.0]",
TIBOLONE,-2.27,"[-2.27, 0.0, 0.184, 1.0, 3.586, 7.112, 7.421, 10.0, 16.0]",success
CEPHAPIRIN,-2.247,"[-2.247, -0.78, 1.0, 1.082, 1.466, 1.956, 10.0, 16.0]",success
METHANTHELINE,-2.227,"[-2.227, -0.122, 0.0, 0.757, 1.0, 1.235, 1.819, 10.0, 16.0]",
CEPHALEXIN ANHYDROUS,-2.222,"[-2.222, -1.811, 0.0, 1.0, 1.147, 3.286, 3.293, 10.0, 16.0]",
ETODOLAC,-2.172,"[-2.172, -2.149, -0.563, 0.0, 0.902, 1.0, 2.617, 10.0, 16.0]",
DORIPENEM,-2.154,"[-2.154, -1.184, -0.447, -0.307, -0.285, 1.0, 10.0, 16.0]",success
ISOPROPAMIDE,-2.054,"[-2.054, -1.538, 0.0, 0.501, 1.0, 3.029, 3.126, 10.0, 16.0]",
SULFISOXAZOLE ACETYL,-2.02,"[-2.02, -1.823, -1.48, -1.248, -0.664, 0.0, 1.0, 10.0, 16.0]",
ENCAINIDE,-1.999,"[-1.999, -1.665, -1.342, -1.141, -0.1, 0.0, 1.0, 10.0, 16.0]",success
TEMAZEPAM,-1.982,"[-1.982, 0.0, 0.491, 1.0, 2.813, 3.403, 3.695, 10.0, 16.0]",
LEVONORGESTREL,-1.875,"[-1.875, -0.935, 0.0, 1.0, 4.019, 8.428, 8.958, 10.0, 16.0]",success
NEVIRAPINE,-1.798,"[-1.798, -1.267, -1.137, -0.584, -0.268, 0.0, 1.0, 10.0, 16.0]",
OCTOCRYLENE,-1.791,"[-1.791, -1.567, -1.23, -1.2, -0.804, 0.0, 1.0, 10.0, 16.0]",success
ANILERIDINE,-1.753,"[-1.753, -1.472, -1.388, 1.0, 10.0, 16.0]",success
FENOFIBRIC ACID,-1.648,"[-1.648, -1.2, -1.082, 0.0, 0.754, 1.0, 2.041, 10.0, 16.0]",
CEFACLOR ANHYDROUS,-1.647,"[-1.647, -1.478, -0.335, 0.0, 0.093, 1.0, 1.218, 10.0, 16.0]",
INDOPROFEN,-1.627,"[-1.627, -0.659, 0.0, 0.181, 0.71, 1.0, 1.064, 10.0, 16.0]",
PROPIOMAZINE,-1.624,"[-1.624, -0.894, -0.293, 0.0, 0.499, 1.0, 10.0, 16.0, 32.31]",success
ATALUREN,-1.571,"[-1.571, -1.272, -0.66, -0.065, 0.0, 1.0, 1.968, 10.0, 16.0]",success
CEFUROXIME,-1.544,"[-1.544, -1.209, -0.702, 0.607, 1.0, 3.57, 10.0, 16.0]",success
PENICILLIN V,-1.51,"[-1.51, -1.387, -1.22, 0.0, 0.114, 0.455, 1.0, 10.0, 16.0]",success
KETANSERIN,-1.488,"[-1.488, -1.281, 0.209, 0.578, 0.681, 1.0, 10.0, 16.0]",success
CHLORTHALIDONE,-1.461,"[-1.461, -1.066, -0.311, 0.0, 0.576, 1.0, 1.358, 10.0, 16.0]",
BENDAMUSTINE,-1.434,"[-1.434, -1.098, -0.531, 0.0, 0.53, 1.0, 10.0, 16.0, 76.76]",
CIPROFLOXACIN,-1.337,"[-1.337, -0.6, -0.07, 0.0, 0.391, 1.0, 2.159, 10.0, 16.0]",
AMLEXANOX,-1.326,"[-1.326, -0.802, 0.0, 1.0, 1.074, 1.763, 6.191, 10.0, 16.0]",success
PHENYLBUTAZONE,-1.322,"[-1.322, -1.097, -1.038, -1.01, 0.0, 1.0, 1.367, 10.0, 16.0]",
ZOLPIDEM,-1.256,"[-1.256, -0.184, 0.0, 1.0, 2.345, 10.0, 16.0]",success
OXYPHENBUTAZONE ANHYDROUS,-1.239,"[-1.239, -0.713, 0.0, 0.052, 0.325, 0.812, 1.0, 10.0, 16.0]",
BECLOBRATE,-1.237,"[-1.237, -0.251, -0.198, 0.0, 0.403, 0.632, 1.0, 10.0, 16.0]",success
ENOXACIN,-1.225,"[-1.225, 0.0, 0.016, 0.417, 0.763, 0.773, 1.0, 10.0, 16.0]",
TETRABENAZINE,-1.19,"[-1.19, 0.0, 0.23, 0.311, 1.0, 1.029, 1.176, 10.0, 16.0]",success
PHENOLPHTHALEIN,-1.186,"[-1.186, -0.737, -0.514, -0.266, 0.0, 0.311, 1.0, 10.0, 16.0]",success
ACETOHEXAMIDE,-1.165,"[-1.165, -0.331, 0.0, 1.0, 1.04, 2.798, 3.867, 10.0, 16.0]",
PENICILLIN G,-1.163,"[-1.163, -0.234, 0.0, 0.385, 1.0, 2.333, 2.529, 10.0, 16.0]",success
ETONOGESTREL,-1.099,"[-1.099, -0.203, 0.0, 1.0, 5.402, 8.782, 10.0, 11.87, 16.0]",success
PIPAMAZINE,-1.046,"[-1.046, 0.0, 0.33, 1.0, 1.462, 2.082, 2.231, 10.0, 16.0]",success
PRASTERONE,-1.038,"[-1.038, 0.073, 0.774, 1.0, 1.336, 2.825, 10.0, 16.0]",success
SULPIRIDE,-1.033,"[-1.033, -0.05, 0.0, 0.272, 0.368, 0.485, 1.0, 10.0, 16.0]",
PROPANTHELINE,-1.018,"[-1.018, -0.646, -0.589, -0.486, -0.179, 0.0, 1.0, 10.0, 16.0]",success
AZTREONAM,-1.005,"[-1.005, 0.179, 0.47, 1.0, 2.215, 5.054, 10.0, 16.0]",success
OXANDROLONE,-0.924,"[-0.924, 0.215, 0.492, 1.0, 2.309, 4.142, 10.0, 16.0]",success
RUCAPARIB,-0.735,"[-0.735, 0.0, 1.0, 5.565, 6.058, 7.482, 8.58, 10.0, 16.0]",success
RELEBACTAM ANHYDROUS,-0.691,"[-0.691, -0.138, 0.0, 0.349, 1.0, 2.208, 2.916, 10.0, 16.0]",success
METHYLERGONOVINE,-0.688,"[-0.688, 0.0, 0.189, 1.0, 3.133, 6.11, 10.0, 16.0, 41.57]",success
ALOSETRON,-0.678,"[-0.678, 0.0, 0.361, 1.0, 1.062, 1.453, 3.933, 10.0, 16.0]",
SIMVASTATIN,-0.632,"[-0.632, 1.0, 1.235, 1.633, 2.361, 10.0, 16.0]",success
FLURAZEPAM,-0.572,"[-0.572, 0.0, 0.894, 1.0, 1.337, 1.34, 10.0, 16.0]",success
MESTEROLONE,-0.516,"[-0.516, 1.0, 1.53, 4.325, 4.878, 5.213, 10.0, 16.0]",success
FEPRAZONE,-0.482,"[-0.482, 0.0, 1.0, 1.22, 2.257, 2.587, 3.422, 10.0, 16.0]",
TIAGABINE,-0.458,"[-0.458, -0.157, 1.0, 5.646, 7.357, 7.517, 10.0, 16.0]",success
CEFTIZOXIME,-0.152,"[-0.152, 1.0, 1.695, 2.856, 3.57, 4.35, 10.0, 16.0]",success
ZALEPLON,-0.112,"[-0.112, 0.0, 1.0, 2.348, 2.798, 3.243, 3.3, 10.0, 16.0]",success
TESTOSTERONE,-0.088,"[-0.088, 0.873, 1.0, 1.747, 1.783, 3.005, 10.0, 16.0]",success
OFLOXACIN,0.0,"[0.0, 1.0, 3.458, 4.576, 5.451, 7.706, 9.776, 10.0, 16.0]",success
GRANISETRON,0.0,"[0.0, 1.0, 2.447, 4.411, 4.498, 5.346, 7.091, 10.0, 16.0]",
FENOFIBRATE,0.0,"[0.0, 0.026, 0.601, 1.0, 2.148, 2.257, 3.487, 10.0, 16.0]",success
LEVOFLOXACIN ANHYDROUS,0.0,"[0.0, 1.0, 3.416, 4.5, 5.746, 7.732, 7.91, 10.0, 16.0]",success
PRAZEPAM,0.0,"[0.0, 1.0, 2.347, 3.65, 4.024, 4.851, 5.369, 10.0, 16.0]",
NIRAPARIB,0.0,"[0.0, 1.0, 10.0, 11.87, 15.58, 15.75, 15.92, 16.0]",
METOLAZONE,0.0,"[0.0, 1.0, 2.701, 4.894, 7.201, 10.0, 13.95, 16.0, 92.02]",success
ETRETINATE,0.0,"[0.0, 1.0, 10.0, 14.44, 15.03, 15.27, 16.0, 18.63, 18.67]",success
AMDINOCILLIN,0.0,"[0.0, 1.0, 1.486, 2.559, 3.72, 3.778, 3.876, 10.0, 16.0]",success
TRIMETHAPHAN,0.0,"[0.0, 0.089, 1.0, 3.501, 3.546, 3.579, 3.581, 10.0, 16.0]",success
FLUORESCEIN,0.0,"[0.0, 0.79, 1.0, 1.181, 1.188, 1.526, 2.092, 10.0, 16.0]",success
MELOXICAM,0.0,"[0.0, 1.0, 1.411, 3.013, 4.259, 4.818, 5.557, 10.0, 16.0]",success
OLOPATADINE,0.0,"[0.0, 1.0, 3.51, 3.802, 5.644, 6.468, 7.31, 10.0, 16.0]",
LOMEFLOXACIN,0.0,"[0.0, 1.0, 3.548, 3.832, 3.93, 4.484, 5.075, 10.0, 16.0]",success
CAPECITABINE,0.0,"[0.0, 1.0, 1.167, 1.862, 2.221, 2.353, 2.391, 10.0, 16.0]",success
FENTANYL,0.0,"[0.0, 1.0, 1.164, 1.789, 8.517, 10.0, 16.0]",success
MEBENDAZOLE,0.0,"[0.0, 0.847, 1.0, 2.551, 2.952, 5.293, 5.53, 10.0, 16.0]",success
CEPHRADINE,0.0,"[0.0, 1.0, 1.051, 1.474, 1.854, 6.176, 10.0, 16.0, 48.31]",success
ISOXICAM,0.0,"[0.0, 0.654, 0.698, 1.0, 1.415, 2.218, 4.105, 10.0, 16.0]",success
DEUTETRABENAZINE,0.0,"[0.0, 1.0, 3.577, 4.205, 5.103, 9.103, 10.0, 15.21, 16.0]",success
METHANDROSTENOLONE,0.0,"[0.0, 1.0, 1.461, 4.311, 4.523, 5.497, 6.657, 10.0, 16.0]",success
EXEMESTANE,0.0,"[0.0, 0.989, 1.0, 2.49, 2.757, 3.542, 3.982, 10.0, 16.0]",success
TESTOLACTONE,0.0,"[0.0, 1.0, 1.242, 3.415, 5.063, 5.348, 6.114, 10.0, 16.0]",success
GOSOGLIPTIN,0.0,"[0.0, 1.0, 9.753, 10.0, 10.12, 12.1, 13.46, 16.0, 16.16]",success
ZOPICLONE,0.0,"[0.0, 1.0, 1.637, 2.096, 2.431, 2.527, 10.0, 16.0]",success
TADALAFIL,0.0,"[0.0, 1.0, 10.0, 14.39, 15.87, 16.0, 16.27, 17.47, 20.28]",success
REPOTRECTINIB,0.0,"[0.0, 1.0, 2.664, 4.32, 8.857, 9.609, 9.809, 10.0, 16.0]",success
IOFLUPANE,0.0,"[0.0, 0.182, 0.992, 1.0, 1.518, 10.0, 16.0]",success
METHYSERGIDE,0.0,"[0.0, 1.0, 3.274, 7.047, 7.661, 9.075, 10.0, 10.85, 16.0]",success
SOLIFENACIN,0.0,"[0.0, 0.528, 1.0, 1.157, 1.619, 4.904, 6.305, 10.0, 16.0]",success
DANTROLENE,0.0,"[0.0, 1.0, 6.855, 7.89, 10.0, 10.35, 16.0]",success
LINEZOLID,0.0,"[0.0, 1.0, 4.217, 5.013, 8.761, 8.862, 10.0, 16.0]",success
DIBUCAINE,0.0,"[0.0, 0.853, 1.0, 2.292, 2.857, 2.973, 3.372, 10.0, 16.0]",
LORMETAZEPAM,0.0,"[0.0, 1.0, 1.264, 1.453, 8.388, 10.0, 16.0]",
PALONOSETRON,0.0,"[0.0, 0.582, 1.0, 1.917, 2.473, 2.836, 3.744, 10.0, 16.0]",
AMPICILLIN,0.0,"[0.0, 1.0, 1.114, 1.488, 1.671, 10.0, 16.0]",success
ATOVAQUONE,0.0,"[0.0, 1.0, 10.0, 16.0, 19.67, 20.26, 20.8]",success
BENOXAPROFEN,0.0,"[0.0, 1.0, 2.853, 4.61, 10.0, 16.0, 24.3]",success
NORGESTREL,0.0,"[0.0, 1.0, 1.185, 2.817, 3.97, 8.882, 10.0, 10.38, 16.0]",success
KETAZOLAM,0.0,"[0.0, 0.405, 1.0, 3.218, 4.311, 4.678, 5.529, 10.0, 16.0]",success
CLORAZEPIC ACID,0.0,"[0.0, 1.0, 3.053, 4.48, 6.553, 7.608, 10.0, 10.11, 16.0]",
CLOTIAZEPAM,0.0,"[0.0, 1.0, 3.592, 4.938, 5.107, 5.3, 7.359, 10.0, 16.0]",
PRAZIQUANTEL,0.0,"[0.0, 0.694, 0.864, 1.0, 3.182, 3.744, 4.447, 10.0, 16.0]",
REMOXIPRIDE,0.0,"[0.0, 1.0, 1.537, 4.049, 4.436, 4.555, 5.245, 10.0, 16.0]",
METHYLTESTOSTERONE,0.0,"[0.0, 0.711, 1.0, 2.737, 3.323, 3.391, 4.26, 10.0, 16.0]",success
DIENOGEST,0.0,"[0.0, 0.28, 1.0, 1.943, 2.472, 6.295, 6.46, 10.0, 16.0]",success
BALSALAZIDE,0.0,"[0.0, 1.0, 10.0, 11.99, 13.54, 13.58, 13.6, 15.16, 16.0]",success
ACITRETIN,0.0,"[0.0, 1.0, 8.326, 8.361, 8.444, 9.436, 10.0, 16.0]",
GREPAFLOXACIN,0.0,"[0.0, 1.0, 4.514, 4.66, 5.879, 5.888, 6.909, 10.0, 16.0]",success
IOFLUPANE I 123,0.0,"[0.0, 0.26, 0.448, 0.978, 1.0, 1.392, 10.0, 16.0]",success
BORTEZOMIB,0.0,"[0.0, 1.0, 16.0]",success
CEFADROXIL,0.0,"[0.0, 1.0, 1.856, 1.884, 2.3, 10.0, 16.0]",success
ELAFIBRANOR,0.0,"[0.0, 1.0, 10.0, 15.32, 15.34, 15.6, 15.78, 16.0, 16.08]",success
BROMAZEPAM,0.0,"[0.0, 1.0, 6.832, 7.267, 7.843, 8.703, 8.735, 10.0, 16.0]",
LORAZEPAM,0.0,"[0.0, 1.0, 1.478, 1.581, 3.463, 5.005, 5.321, 10.0, 16.0]",
VABORBACTAM,0.0,"[0.0, 1.0, 16.0]",
ACETARSONE,0.0,"[0.0, 1.0, 16.0]",
DAROLUTAMIDE,0.201,"[0.201, 0.757, 1.0, 2.893, 4.21, 4.981, 10.0, 16.0]",success
UPADACITINIB,0.423,"[0.423, 1.0, 1.671, 4.952, 5.812, 6.599, 10.0, 16.0]",success
FLAVOXATE,0.513,"[0.513, 0.712, 1.0, 2.0, 3.724, 3.771, 10.0, 16.0]",success
CLOMETACIN,0.588,"[0.588, 1.0, 1.64, 2.197, 2.207, 2.399, 10.0, 16.0]",success
FLUOXYMESTERONE,0.793,"[0.793, 1.0, 2.399, 2.579, 4.173, 6.6, 10.0, 16.0]",success
OXACILLIN,0.866,"[0.866, 1.0, 5.041, 5.664, 6.375, 8.165, 10.0, 16.0]",success
TAURURSODIOL,1.0,"[1.0, 9.487, 10.0, 10.24, 10.89, 12.86, 13.15, 16.0]",success
CHOLIC ACID,1.0,"[1.0, 6.674, 7.253, 8.796, 10.0, 11.96, 16.0, 25.09]",success
URSODIOL,1.0,"[1.0, 7.06, 8.44, 8.801, 10.0, 13.11, 16.0]",success
CHENODIOL,1.0,"[1.0, 7.458, 7.912, 8.146, 9.358, 10.0, 12.61, 16.0]",success
OBETICHOLIC ACID,1.0,"[1.0, 9.991, 10.0, 11.35, 14.47, 15.52, 16.0, 16.1]",success
DEOXYCHOLIC ACID,1.0,"[1.0, 6.711, 9.108, 9.406, 9.806, 10.0, 12.91, 16.0]",success
REGADENOSON ANHYDROUS,1.0,"[1.0, 7.201, 8.263, 8.769, 9.267, 9.636, 10.0, 16.0]",success
PREDNISOLONE PHOSPHORIC ACID,1.0,"[1.0, 10.0, 11.17, 13.45, 13.87, 14.51, 16.0]",success
HYDROCORTISONE PHOSPHORIC ACID,1.0,"[1.0, 9.75, 10.0, 14.5, 15.38, 15.61, 16.0, 22.74]",success
PREDNISOLONE TEBUTATE,1.0,"[1.0, 10.0, 13.6, 13.89, 14.12, 14.82, 16.0]",success
LOTEPREDNOL ETABONATE,1.0,"[1.0, 6.833, 10.0, 11.19, 11.38, 11.98, 16.0]",success
MOMELOTINIB,1.0,"[1.0, 10.0, 16.0, 39.88, 40.92, 41.25]",success
DEXAMETHASONE PHOSPHORIC ACID,1.0,"[1.0, 10.0, 15.22, 16.0, 17.52, 17.66, 19.42, 73.75]",success
TESTOSTERONE CYPIONATE,1.0,"[1.0, 9.325, 9.614, 10.0, 15.22, 15.26, 16.0, 26.97]",success
BETAMETHASONE PHOSPHORIC ACID,1.0,"[1.0, 10.0, 13.36, 16.0, 17.21, 17.45, 18.76]",success
TEDIZOLID,1.0,"[1.0, 10.0, 16.0, 19.91, 20.7]",success
HETACILLIN,1.0,"[1.0, 1.434, 3.816, 3.868, 4.026, 5.086, 10.0, 16.0]",success
BICTEGRAVIR,1.0,"[1.0, 10.0, 16.0, 22.21]",success
CABERGOLINE,1.0,"[1.0, 6.308, 8.779, 10.0, 10.27, 10.61, 11.72, 16.0]",success
CANRENONE,1.0,"[1.0, 5.921, 10.0, 11.97, 12.46, 16.0, 16.89, 17.29]",success
OXYMETHOLONE,1.0,"[1.0, 3.164, 3.594, 3.622, 7.371, 10.0, 11.37, 16.0]",success
CABOTEGRAVIR,1.0,"[1.0, 10.0, 14.02, 16.0, 18.4, 20.07, 22.58, 24.38]",success
FEZOLINETANT,1.0,"[1.0, 9.064, 10.0, 10.67, 16.0, 18.62, 19.38, 19.61]",success
NOMEGESTROL,1.0,"[1.0, 3.755, 6.873, 7.509, 7.544, 10.0, 10.88, 16.0]",success
LASMIDITAN,1.0,"[1.0, 3.275, 4.133, 4.494, 10.0, 16.0, 17.93]",success
ROXADUSTAT,1.0,"[1.0, 8.312, 10.0, 16.0]",success
CEPHALOGLYCIN,1.0,"[1.0, 2.932, 2.964, 3.114, 4.778, 10.0, 16.0, 56.1]",success
ZIPRASIDONE,1.0,"[1.0, 2.702, 3.044, 3.224, 3.384, 4.377, 10.0, 16.0]",success
TEMAFLOXACIN,1.0,"[1.0, 10.0, 10.23, 16.0]",success
MORICIZINE,1.0,"[1.0, 2.88, 4.817, 4.97, 5.775, 8.319, 10.0, 16.0]",success
"CEFPROZIL ANHYDROUS, (E)-",1.0,"[1.0, 3.722, 6.858, 7.665, 8.71, 8.81, 10.0, 16.0]",success
CEFAMANDOLE NAFATE FREE BASE,1.0,"[1.0, 2.526, 3.94, 6.202, 10.0, 10.02, 13.7, 16.0]",success
CYCLOFENIL,1.0,"[1.0, 6.564, 7.842, 10.0, 16.0, 19.34]",success
SERTINDOLE,1.0,"[1.0, 10.0, 16.0, 16.32, 17.0, 18.27, 18.58, 18.8]",success
MOXIFLOXACIN,1.0,"[1.0, 9.581, 10.0, 10.96, 12.08, 16.0, 24.54]",success
LORATADINE,1.0,"[1.0, 10.0, 12.7, 14.05, 16.0, 16.06, 17.63, 17.89]",success
COLCHICINE,1.0,"[1.0, 5.044, 5.861, 6.359, 7.777, 8.351, 10.0, 16.0]",success
TECOVIRIMAT,1.0,"[1.0, 10.0, 11.05, 12.74, 14.27, 16.0]",success
AXITINIB,1.0,"[1.0, 10.0, 16.0]",success
DACOMITINIB ANHYDROUS,1.0,"[1.0, 10.0, 16.0]",success
VAMOROLONE,1.0,"[1.0, 6.608, 9.746, 10.0, 10.98, 12.69, 16.0, 18.92]",success
INDIGOTINDISULFONATE,1.0,"[1.0, 10.0, 16.0, 30.8, 32.91]",success
PROGESTERONE,1.0,"[1.0, 2.706, 4.694, 5.604, 5.909, 10.0, 13.0, 16.0]",success
SPARFLOXACIN,1.0,"[1.0, 10.0, 10.06, 10.17, 10.28, 10.35, 16.0]",success
ROFLUMILAST,1.0,"[1.0, 1.338, 1.655, 2.1, 2.254, 3.864, 10.0, 16.0]",success
CEFDINIR,1.0,"[1.0, 1.906, 2.515, 4.741, 6.413, 10.0, 16.0]",success
TROVAFLOXACIN,1.0,"[1.0, 10.0, 11.79, 13.6, 14.65, 14.66, 16.0]",success
DYDROGESTERONE,1.0,"[1.0, 3.328, 3.738, 5.925, 6.752, 10.0, 12.85, 16.0]",success
DOLUTEGRAVIR,1.0,"[1.0, 10.0, 16.0, 18.4, 21.07, 23.35, 25.06, 25.46]",success
RIMONABANT,1.0,"[1.0, 10.0, 15.25, 15.69, 16.0, 17.76, 19.55]",success
SULFASALAZINE,1.0,"[1.0, 9.023, 10.0, 12.2, 14.22, 16.0]",success
MOZAVAPTAN,1.0,"[1.0, 10.0, 16.0, 27.58, 29.25, 29.37, 31.65]",success
BENZHYDROCODONE,1.0,"[1.0, 1.462, 3.113, 4.724, 4.859, 5.172, 10.0, 16.0]",success
DOXAZOSIN,1.0,"[1.0, 10.0, 16.0, 43.68, 45.83, 47.54, 48.08, 49.16]",success
PREDNISONE,1.0,"[1.0, 3.051, 5.505, 7.838, 7.883, 8.324, 10.0, 16.0]",success
NABILONE,1.0,"[1.0, 2.163, 3.238, 4.994, 5.814, 6.046, 10.0, 16.0]",success
PRAZOSIN,1.0,"[1.0, 10.0, 16.0, 25.15, 29.95]",success
BEXAROTENE,1.0,"[1.0, 5.106, 7.953, 8.294, 10.0, 12.33, 16.0, 20.85]",success
ESTRADIOL VALERATE,1.0,"[1.0, 2.837, 5.212, 6.0, 8.361, 9.704, 10.0, 16.0]",success
NORGESTIMATE,1.0,"[1.0, 10.0, 11.11, 11.33, 11.82, 14.42, 16.0]",success
TESTOSTERONE PROPIONATE,1.0,"[1.0, 4.932, 5.796, 8.786, 8.874, 10.0, 10.82, 16.0]",success
MEDROGESTONE,1.0,"[1.0, 8.453, 9.545, 10.0, 12.28, 13.38, 16.0, 17.38]",success
METHICILLIN,1.0,"[1.0, 1.945, 2.041, 3.691, 3.755, 3.994, 10.0, 16.0]",success
PREDNISOLONE,1.0,"[1.0, 2.998, 4.413, 7.582, 9.142, 10.0, 10.39, 16.0]",success
TOPOTECAN,1.0,"[1.0, 10.0, 16.0, 28.62, 30.82, 32.34, 32.57, 37.68]",success
FLUOCORTOLONE,1.0,"[1.0, 8.065, 8.755, 10.0, 12.25, 13.09, 13.33, 16.0]",success
GANAXOLONE,1.0,"[1.0, 5.609, 8.084, 8.797, 10.0, 11.69, 16.0, 19.39]",success
MEPREDNISONE,1.0,"[1.0, 5.621, 8.615, 10.0, 10.02, 12.44, 12.89, 16.0]",success
TAMIBAROTENE,1.0,"[1.0, 10.0, 13.06, 16.0]",success
DESOXIMETASONE,1.0,"[1.0, 4.131, 10.0, 10.76, 11.37, 11.58, 11.82, 16.0]",success
PALBOCICLIB,1.0,"[1.0, 10.0, 16.0, 31.84, 33.33, 34.02]",success
LAROTRECTINIB,1.0,"[1.0, 10.0, 16.0, 20.18, 28.55, 30.29, 31.07]",success
ALPIDEM,1.0,"[1.0, 1.489, 2.581, 10.0, 16.0]",success
MEDRYSONE,1.0,"[1.0, 3.821, 6.532, 7.42, 8.649, 10.0, 11.98, 16.0]",success
DASATINIB ANHYDROUS,1.0,"[1.0, 10.0, 16.0, 34.03, 35.14, 35.4, 36.9, 37.87]",success
PARECOXIB,1.0,"[1.0, 5.632, 6.316, 6.329, 6.394, 6.699, 10.0, 16.0]",success
APALUTAMIDE,1.0,"[1.0, 10.0, 16.0, 25.77, 26.13, 26.66, 26.71, 26.77]",success
FINASTERIDE,1.0,"[1.0, 10.0, 16.0, 17.07, 18.97, 20.02, 20.14]",success
FLUNISOLIDE,1.0,"[1.0, 10.0, 16.0, 17.57, 18.15, 18.83]",success
RIMEXOLONE,1.0,"[1.0, 10.0, 10.61, 13.47, 13.89, 13.92, 16.0]",success
INGENOL MEBUTATE,1.0,"[1.0, 3.237, 4.61, 10.0, 16.0]",success
OXYTETRACYCLINE,1.0,"[1.0, 10.0, 10.32, 16.0, 17.92, 18.81, 21.37, 25.57]",success
ADAPALENE,1.0,"[1.0, 10.0, 16.0, 21.8, 25.13]",success
TRIAMCINOLONE,1.0,"[1.0, 5.975, 8.841, 9.543, 10.0, 10.28, 14.27, 16.0]",success
DELAFLOXACIN,1.0,"[1.0, 9.992, 10.0, 10.17, 10.31, 10.79, 16.0]",success
TRIAMCINOLONE ACETONIDE,1.0,"[1.0, 10.0, 16.0, 16.44, 17.46, 19.24, 21.13, 21.69]",success
BETAMETHASONE,1.0,"[1.0, 7.906, 9.477, 10.0, 13.44, 16.0, 16.11, 20.14]",success
GLIBORNURIDE,1.0,"[1.0, 2.386, 3.564, 3.911, 4.213, 4.257, 10.0, 16.0]",success
DEXAMETHASONE,1.0,"[1.0, 7.259, 10.0, 10.86, 11.71, 12.13, 16.0, 55.99]",success
FLUOCINOLONE ACETONIDE,1.0,"[1.0, 10.0, 16.0, 18.51, 19.3, 22.29, 55.78]",success
HYDROCORTISONE,1.0,"[1.0, 3.296, 6.116, 6.686, 7.93, 8.269, 10.0, 16.0]",success
DEMECLOCYCLINE,1.0,"[1.0, 10.0, 16.0, 22.43, 22.45, 23.49, 23.79, 25.61]",success
VERICIGUAT,1.0,"[1.0, 10.0, 15.12, 15.62, 16.0, 16.61, 16.75]",success
TESTOSTERONE ENANTHATE,1.0,"[1.0, 9.059, 10.0, 10.19, 11.72, 11.81, 16.0, 22.13]",success
ESTRADIOL CYPIONATE,1.0,"[1.0, 5.304, 8.7, 8.774, 9.601, 10.0, 11.85, 16.0]",success
BETAMETHASONE VALERATE,1.0,"[1.0, 10.0, 11.04, 11.44, 11.54, 12.53, 14.05, 16.0]",success
CHLORTETRACYCLINE,1.0,"[1.0, 10.0, 16.0, 17.59, 23.08]",success
NANDROLONE PHENPROPIONATE,1.0,"[1.0, 9.629, 10.0, 11.33, 11.81, 12.36, 14.2, 16.0]",success
LEVOCABASTINE,1.0,"[1.0, 10.0, 16.0, 20.65, 24.36]",success
FLUOROMETHOLONE,1.0,"[1.0, 4.952, 7.636, 10.0, 10.47, 13.23, 16.0, 16.41]",success
DROSPIRENONE,1.0,"[1.0, 10.0, 10.25, 13.24, 14.84, 16.0, 17.87, 22.79]",success
DESONIDE,1.0,"[1.0, 10.0, 16.0, 16.33, 19.02, 19.39, 21.03, 42.67]",success
IBRUTINIB,1.0,"[1.0, 10.0, 16.0, 26.02, 27.4]",success
RIOCIGUAT,1.0,"[1.0, 10.0, 16.0, 18.59, 18.76, 20.08, 20.58, 22.14]",success
FLUOCINONIDE,1.0,"[1.0, 10.0, 16.0, 19.5, 20.14, 24.03, 79.1]",success
BUDESONIDE,1.0,"[1.0, 10.0, 13.76, 13.95, 15.47, 16.0, 16.8]",success
LORLATINIB,1.0,"[1.0, 10.0, 13.46, 15.61, 16.0, 20.29, 24.0, 24.94]",success
CAPMATINIB,1.0,"[1.0, 10.0, 11.65, 11.94, 12.41, 12.82, 14.19, 16.0]",success
FLUPREDNISOLONE,1.0,"[1.0, 3.917, 6.845, 9.084, 10.0, 10.55, 12.04, 16.0]",success
METHYLPREDNISOLONE,1.0,"[1.0, 5.31, 7.658, 9.857, 10.0, 10.75, 12.31, 16.0]",success
RALTEGRAVIR,1.0,"[1.0, 9.117, 9.733, 10.0, 10.42, 10.47, 16.0, 27.49]",success
HYDROCORTISONE BUTYRATE,1.0,"[1.0, 8.649, 10.0, 10.54, 10.6, 11.0, 16.0]",success
CLASCOTERONE,1.0,"[1.0, 6.996, 10.0, 11.11, 11.43, 11.84, 13.01, 16.0]",success
CLOBETASONE BUTYRATE,1.0,"[1.0, 7.8, 10.0, 13.87, 15.15, 15.18, 15.76, 16.0]",success
SONIDEGIB,1.0,"[1.0, 10.0, 16.0, 35.08, 36.55, 38.07]",success
DEFLAZACORT,1.0,"[1.0, 10.0, 14.75, 16.0, 16.5, 17.43, 17.65, 19.72]",success
DROMOSTANOLONE PROPIONATE,1.0,"[1.0, 6.663, 6.681, 10.0, 10.84, 11.2, 16.0, 18.21]",success
NICERGOLINE,1.0,"[1.0, 4.337, 4.534, 10.0, 16.0]",success
TETRACYCLINE,1.0,"[1.0, 10.0, 14.89, 16.0, 19.53, 22.86, 23.04, 24.31]",success
CLOBETASOL PROPIONATE,1.0,"[1.0, 7.979, 10.0, 11.42, 14.47, 14.84, 16.0]",success
DARIDOREXANT,1.0,"[1.0, 10.0, 13.4, 16.0, 16.17, 16.18]",success
MIFEPRISTONE,1.0,"[1.0, 10.0, 16.0, 16.5, 24.64, 26.55, 29.28, 29.8]",success
HALOBETASOL PROPIONATE,1.0,"[1.0, 8.372, 9.794, 10.0, 13.83, 16.0]",success
DESOXYCORTICOSTERONE PIVALATE,1.0,"[1.0, 10.0, 10.06, 15.36, 16.0]",success
HALCINONIDE,1.0,"[1.0, 10.0, 16.0, 16.52, 18.18]",success
PALOVAROTENE,1.0,"[1.0, 10.0, 12.81, 16.0, 17.39, 17.4]",success
EPLERENONE,1.0,"[1.0, 6.34, 10.0, 11.99, 13.88, 15.39, 16.0, 18.96]",success
CLOCORTOLONE PIVALATE,1.0,"[1.0, 10.0, 16.0, 16.61, 20.22, 20.73, 21.76, 21.83]",success
ZURANOLONE,1.0,"[1.0, 5.685, 10.0, 10.53, 12.0, 13.64, 16.0, 64.83]",success
LUMACAFTOR,1.0,"[1.0, 10.0, 16.0, 21.85, 23.01, 24.4, 24.9, 25.86]",success
BREXANOLONE,1.0,"[1.0, 2.548, 2.578, 3.094, 3.953, 9.911, 10.0, 16.0]",success
BETRIXABAN,1.0,"[1.0, 10.0, 16.0, 22.15, 22.94, 23.43, 24.51, 26.03]",success
LOVASTATIN,1.0,"[1.0, 1.149, 1.342, 1.48, 1.635, 8.773, 10.0, 16.0]",success
FLURANDRENOLIDE,1.0,"[1.0, 10.0, 14.74, 16.0, 22.54, 22.62, 23.09, 23.16]",success
ULIPRISTAL,1.0,"[1.0, 10.0, 16.0, 16.89, 17.16]",success
HYDROCORTISONE VALERATE,1.0,"[1.0, 7.796, 7.933, 8.269, 8.953, 10.0, 16.0]",success
FLUMETHASONE PIVALATE,1.0,"[1.0, 10.0, 16.0, 19.62, 22.2, 22.51, 23.93]",success
ALECTINIB,1.0,"[1.0, 10.0, 16.0, 54.87, 57.23, 59.69]",success
CINEPAZIDE,1.0,"[1.0, 10.0, 11.81, 11.92, 12.6, 12.87, 13.13, 16.0]",success
RAMATROBAN,1.0,"[1.0, 1.844, 1.86, 1.861, 2.275, 2.598, 10.0, 16.0]",success
GATIFLOXACIN,1.0,"[1.0, 1.808, 4.127, 5.971, 6.255, 6.539, 10.0, 16.0]",success
BISACODYL,1.0,"[1.0, 5.965, 6.191, 7.849, 8.206, 8.329, 10.0, 16.0]",success
DAPRODUSTAT,1.0,"[1.0, 2.402, 2.544, 2.651, 10.0, 16.0]",success
ESTRONE SULFURIC ACID,1.0,"[1.0, 4.073, 4.336, 10.0, 10.34, 10.42, 11.42, 16.0]",success
DILTIAZEM,1.0,"[1.0, 3.217, 4.797, 5.52, 5.66, 7.1, 10.0, 16.0]",success
TENELIGLIPTIN,1.0,"[1.0, 8.979, 9.608, 10.0, 12.69, 14.33, 15.76, 16.0]",success
NOSCAPINE,1.0,"[1.0, 3.575, 4.361, 5.734, 5.922, 6.978, 10.0, 16.0]",success
INDOMETHACIN,1.0,"[1.0, 2.331, 3.848, 4.184, 5.882, 6.108, 10.0, 16.0]",success
