name,chembl_id,smiles,predicted_affinity,predicted_hit_prob
GUANFACINE,CHEMBL862,N=C(N)NC(=O)Cc1c(Cl)cccc1Cl,-5.176122672571315,0.3709235379429015
FLUORODOPA,CHEMBL3547132,N[C@@H](Cc1cc(O)c(O)cc1F)C(=O)O,-5.170189419319009,0.4584412763550939
FLUORODOPA F 18,CHEMBL3400972,N[C@@H](Cc1cc(O)c(O)cc1[18F])C(=O)O,-5.170189419319009,0.4584412763550939
PHENICARBAZIDE,CHEMBL1593719,NC(=O)NNc1ccccc1,-5.169962097460908,0.3522322483192775
ALCLOFENAC,CHEMBL94081,C=CCOc1ccc(CC(=O)O)cc1Cl,-5.163091244863498,0.4479201178360618
VORINOSTAT,CHEMBL98,O=C(CCCCCCC(=O)Nc1ccccc1)NO,-5.07482569089924,0.3869045427205501
BACLOFEN,CHEMBL701,NCC(CC(=O)O)c1ccc(Cl)cc1,-5.064027659732818,0.3963092156067612
FELBAMATE,CHEMBL1094,NC(=O)OCC(COC(N)=O)c1ccccc1,-5.057514869138697,0.3789426406748014
SUCCIMER,CHEMBL1201073,O=C(O)[C@@H](S)[C@@H](S)C(=O)O,-5.049020445430082,0.2723851151326328
METHYL SALICYLATE,CHEMBL108545,COC(=O)c1ccccc1O,-5.029467288434228,0.3238988224399474
ASPIRIN,CHEMBL25,CC(=O)Oc1ccccc1C(=O)O,-5.003789916284083,0.5139411362783628
TIOPRONIN,CHEMBL1314,CC(S)C(=O)NCC(=O)O,-4.978868905751012,0.2609507603198039
EFLORNITHINE,CHEMBL830,NCCCC(N)(C(=O)O)C(F)F,-4.958884267374374,0.3376384305125127
BROMISOVALUM,CHEMBL1515611,CC(C)C(Br)C(=O)NC(N)=O,-4.954021845619641,0.2035809685616661
TARTARIC ACID,CHEMBL1236315,O=C(O)[C@H](O)[C@@H](O)C(=O)O,-4.938323511093811,0.2696128667451836
CHLORPHENESIN CARBAMATE,CHEMBL607710,NC(=O)OCC(O)COc1ccc(Cl)cc1,-4.927927454976199,0.3371354047272353
IODOHIPPURATE,CHEMBL1681,O=C(O)CNC(=O)c1ccccc1I,-4.913818266007914,0.4026799512005363
METYROSINE,CHEMBL1200862,C[C@](N)(Cc1ccc(O)cc1)C(=O)O,-4.909496097211568,0.3553007405159757
NEOSTIGMINE,CHEMBL278020,CN(C)C(=O)Oc1cccc([N+](C)(C)C)c1,-4.908180437965992,0.3548917119961964
CARMUSTINE,CHEMBL513,O=NN(CCCl)C(=O)NCCCl,-4.901797632117605,0.2590383102824527
SELENOMETHIONINE,CHEMBL113178,C[Se]CC[C@H](N)C(=O)O,-4.900673224314279,0.3356669786926556
LACOSAMIDE,CHEMBL58323,COC[C@@H](NC(C)=O)C(=O)NCc1ccccc1,-4.872870884860182,0.3321981505964493
ACETYLCYSTEINE,CHEMBL600,CC(=O)N[C@@H](CS)C(=O)O,-4.87113414987998,0.2790422201975477
SELENOMETHIONINE SE 75,CHEMBL1201054,C[75Se]CC[C@H](N)C(=O)O,-4.855957360668008,0.3232482339063595
IBUFENAC,CHEMBL341812,CC(C)Cc1ccc(CC(=O)O)cc1,-4.8539834401202375,0.3368252076426967
HEXAMINOLEVULINATE,CHEMBL1201784,CCCCCCOC(=O)CCC(=O)CN,-4.841009956675043,0.2380651982354714
ACETAMINOPHEN,CHEMBL112,CC(=O)Nc1ccc(O)cc1,-4.83512396504594,0.2596681850210732
LISDEXAMFETAMINE,CHEMBL1201222,C[C@@H](Cc1ccccc1)NC(=O)[C@@H](N)CCCCN,-4.824697380185071,0.3781108217757413
LEVOCARNITINE,CHEMBL1149,C[N+](C)(C)C[C@H](O)CC(=O)[O-],-4.820831747649084,0.2195325191126365
LEVACETYLLEUCINE,CHEMBL56021,CC(=O)N[C@@H](CC(C)C)C(=O)O,-4.815802081101279,0.2623838659404032
MELPHALAN,CHEMBL852,N[C@@H](Cc1ccc(N(CCCl)CCCl)cc1)C(=O)O,-4.815253835645033,0.4502478120100583
MESALAMINE,CHEMBL704,Nc1ccc(O)c(C(=O)O)c1,-4.815101007580732,0.4168484635794211
AMINOSALICYLIC ACID,CHEMBL1169,Nc1ccc(C(=O)O)c(O)c1,-4.815101007580732,0.4168484635794211
METHYLDOPA,CHEMBL459,C[C@](N)(Cc1ccc(O)c(O)c1)C(=O)O,-4.811549697855421,0.3298777233398255
BETHANECHOL,CHEMBL1482,CC(C[N+](C)(C)C)OC(N)=O,-4.808891529904816,0.2235780604403758
BUFEXAMAC,CHEMBL94394,CCCCOc1ccc(CC(=O)NO)cc1,-4.795329054959417,0.2688518770704868
DIETHYLPROPION,CHEMBL1194666,CCN(CC)C(C)C(=O)c1ccccc1,-4.78476107005085,0.2871368334288006
BUCETIN,CHEMBL1697856,CCOc1ccc(NC(=O)CC(C)O)cc1,-4.783377360963457,0.2781984005346954
TOCAINIDE,CHEMBL1762,Cc1cccc(C)c1NC(=O)C(C)N,-4.776283161557396,0.2922417454950589
XYLOSE,CHEMBL1236821,O=C[C@H](O)[C@@H](O)[C@H](O)CO,-4.77479929363843,0.2227984460448692
PRILOCAINE,CHEMBL1194,CCCNC(C)C(=O)Nc1ccccc1C,-4.769946703554211,0.3272920978855577
RIVASTIGMINE,CHEMBL636,CCN(C)C(=O)Oc1cccc([C@H](C)N(C)C)c1,-4.768230565614655,0.3208599669635857
VINBARBITAL,CHEMBL503565,CC/C=C(\C)C1(CC)C(=O)NC(=O)NC1=O,-4.7641395727118105,0.3309237239434014
TALBUTAL,CHEMBL1200802,C=CCC1(C(C)CC)C(=O)NC(=O)NC1=O,-4.743465372896032,0.3134725683008338
ACAMPROSATE,CHEMBL1201293,CC(=O)NCCCS(=O)(=O)O,-4.735590736725058,0.2308040575402894
PREGABALIN,CHEMBL1059,CC(C)C[C@H](CN)CC(=O)O,-4.721429393556856,0.2853952524565978
IBUPROFEN,CHEMBL521,CC(C)Cc1ccc(C(C)C(=O)O)cc1,-4.7184180485740885,0.2971333052287571
DEXIBUPROFEN,CHEMBL175,CC(C)Cc1ccc([C@H](C)C(=O)O)cc1,-4.7184180485740885,0.2971333052287571
PANTOTHENIC ACID,CHEMBL1594,CC(C)(CO)[C@@H](O)C(=O)NCCC(=O)O,-4.713704500307991,0.283944605731653
LIDOCAINE,CHEMBL79,CCN(CC)CC(=O)Nc1c(C)cccc1C,-4.713108268620053,0.2931400503633948
METHACHOLINE,CHEMBL978,CC(=O)OC(C)C[N+](C)(C)C,-4.696614854356695,0.2447949924372773
MEPROBAMATE,CHEMBL979,CCCC(C)(COC(N)=O)COC(N)=O,-4.696202211954066,0.2316375843996983
METHOCARBAMOL,CHEMBL1201117,COc1ccccc1OCC(O)COC(N)=O,-4.6941986197557855,0.3015566497520288
ACETARSONE,CHEMBL1330792,CC(=O)Nc1cc([As](=O)(O)O)ccc1O,-4.693746356554942,0.3038037282108538
SUXAMETHONIUM,CHEMBL703,C[N+](C)(C)CCOC(=O)CCC(=O)OCC[N+](C)(C)C,-4.6834830914753445,0.2441109714131597
AGOMELATINE,CHEMBL10878,COc1ccc2cccc(CCNC(C)=O)c2c1,-4.6784705894789615,0.2949772919070466
ATENOLOL,CHEMBL24,CC(C)NCC(O)COc1ccc(CC(N)=O)cc1,-4.675262455653294,0.2373085044374492
CHLORAMBUCIL,CHEMBL515,O=C(O)CCCc1ccc(N(CCCl)CCCl)cc1,-4.670553427516325,0.3680261694073981
CHLORPROPAMIDE,CHEMBL498,CCCNC(=O)NS(=O)(=O)c1ccc(Cl)cc1,-4.664604538784758,0.2704466336964251
PHENACETIN,CHEMBL16073,CCOc1ccc(NC(C)=O)cc1,-4.6623443136001566,0.261284809519155
NABUMETONE,CHEMBL1070,COc1ccc2cc(CCC(C)=O)ccc2c1,-4.659362168164243,0.2564018574529405
VABORBACTAM,CHEMBL3317857,O=C(O)C[C@@H]1CC[C@H](NC(=O)Cc2cccs2)B(O)O1,-4.643148845216001,0.3326330823127192
METHARBITAL,CHEMBL450,CCC1(CC)C(=O)NC(=O)N(C)C1=O,-4.640073326465757,0.2681543051809219
BUPROPION,CHEMBL894,CC(NC(C)(C)C)C(=O)c1cccc(Cl)c1,-4.6334514081659695,0.2789390652912292
MIDODRINE,CHEMBL1201212,COc1ccc(OC)c(C(O)CNC(=O)CN)c1,-4.6326805178669135,0.2750321979019096
CITRIC ACID,CHEMBL1261,O=C(O)CC(O)(CC(=O)O)C(=O)O,-4.63263364372858,0.2898615359454491
MEBUTAMATE,CHEMBL1200922,CCC(C)C(C)(COC(N)=O)COC(N)=O,-4.6150946107074615,0.2306793469861026
TERIFLUNOMIDE,CHEMBL973,C/C(O)=C(\C#N)C(=O)Nc1ccc(C(F)(F)F)cc1,-4.60371511005482,0.3306612187027579
DEXPANTHENOL,CHEMBL1200979,CC(C)(CO)[C@@H](O)C(=O)NCCCO,-4.590118188900831,0.2325232013640148
ETHACRYNIC ACID,CHEMBL456,C=C(CC)C(=O)c1ccc(OCC(=O)O)c(Cl)c1Cl,-4.588745420128724,0.3902302509422324
METHOHEXITAL,CHEMBL7413,C=CCC1(C(C)C#CCC)C(=O)NC(=O)N(C)C1=O,-4.577964665430065,0.2601741428860104
CLOFIBRATE,CHEMBL565,CCOC(=O)C(C)(C)Oc1ccc(Cl)cc1,-4.500280657782831,0.2664024223506009
CARISOPRODOL,CHEMBL1233,CCCC(C)(COC(N)=O)COC(=O)NC(C)C,-4.4965588978801,0.2180962927765511
CHLOROPROCAINE,CHEMBL1179047,CCN(CC)CCOC(=O)c1ccc(N)cc1Cl,-4.476557801395679,0.3070214303714468
FOSLEVODOPA,CHEMBL4594379,N[C@@H](Cc1ccc(OP(=O)(O)O)c(O)c1)C(=O)O,-4.47641074983407,0.4504619167006565
CLOFOREX,CHEMBL1697686,CCOC(=O)NC(C)(C)Cc1ccc(Cl)cc1,-4.460551909340751,0.2770549736948055
ETIDOCAINE,CHEMBL492,CCCN(CC)C(CC)C(=O)Nc1c(C)cccc1C,-4.438323810106418,0.2849406595253826
ESMOLOL,CHEMBL768,COC(=O)CCc1ccc(OCC(O)CNC(C)C)cc1,-4.4326182115514,0.2077980546747422
CARBIDOPA ANHYDROUS,CHEMBL1201236,C[C@@](Cc1ccc(O)c(O)c1)(NN)C(=O)O,-4.427648637098679,0.3119213906078621
SULFACARBAMIDE,CHEMBL139877,NC(=O)NS(=O)(=O)c1ccc(N)cc1,-4.425015677050713,0.271174048309431
IPRONIAZID,CHEMBL92401,CC(C)NNC(=O)c1ccncc1,-4.393877192607205,0.2440205021933602
TETRACAINE,CHEMBL698,CCCCNc1ccc(C(=O)OCCN(C)C)cc1,-4.36101517882278,0.2809248200101792
SULFACETAMIDE,CHEMBL455,CC(=O)NS(=O)(=O)c1ccc(N)cc1,-4.359825360811831,0.2445011751232271
CAPSAICIN,CHEMBL294199,COc1cc(CNC(=O)CCCC/C=C/C(C)C)ccc1O,-4.351247137150565,0.2786630375289094
TOLBUTAMIDE,CHEMBL782,CCCCNC(=O)NS(=O)(=O)c1ccc(C)cc1,-4.349732569632596,0.2900310074278068
METHYLDOPATE,CHEMBL1201233,CCOC(=O)[C@@](C)(N)Cc1ccc(O)c(O)c1,-4.348552353427548,0.2679388836110998
BUTAMBEN,CHEMBL127516,CCCCOC(=O)c1ccc(N)cc1,-4.34012398403336,0.2578796118571428
GEMFIBROZIL,CHEMBL457,Cc1ccc(C)c(OCCCC(C)(C)C(=O)O)c1,-4.312256537736901,0.4580631318777968
NICORANDIL,CHEMBL284906,O=C(NCCO[N+](=O)[O-])c1cccnc1,-4.3051649571331,0.2480933441718601
MOXISYLYTE,CHEMBL159226,CC(=O)Oc1cc(C(C)C)c(OCCN(C)C)cc1C,-4.302999394442789,0.3051145489751297
LODOXAMIDE,CHEMBL1201266,N#Cc1cc(NC(=O)C(=O)O)c(Cl)c(NC(=O)C(=O)O)c1,-4.231338760159384,0.3257013345349812
PROBENECID,CHEMBL897,CCCN(CCC)S(=O)(=O)c1ccc(C(=O)O)cc1,-4.228690631523433,0.2900369509066735
CARGLUMIC ACID,CHEMBL1201780,NC(=O)N[C@@H](CCC(=O)O)C(=O)O,-4.220149600216546,0.290683254801541
SULFADICRAMIDE,CHEMBL2104910,CC(C)=CC(=O)NS(=O)(=O)c1ccc(N)cc1,-4.2138987191346615,0.2509199225696285
OCTINOXATE,CHEMBL3183184,CCCCC(CC)COC(=O)C=Cc1ccc(OC)cc1,-4.156371757578047,0.2226224433012878
METOCLOPRAMIDE,CHEMBL86,CCN(CC)CCNC(=O)c1cc(Cl)c(N)cc1OC,-4.126933999157423,0.2779292040270787
MALATHION,CHEMBL1200468,CCOC(=O)CC(SP(=S)(OC)OC)C(=O)OCC,-4.122678503200074,0.2155618513523683
PROPANIDID,CHEMBL2105345,CCCOC(=O)Cc1ccc(OCC(=O)N(CC)CC)c(OC)c1,-4.098881458278061,0.2465341272916342
PROPOXYCAINE,CHEMBL1195,CCCOc1cc(N)ccc1C(=O)OCCN(CC)CC,-4.074938830154285,0.3051572405850481
CHLORAMPHENICOL,CHEMBL130,O=C(N[C@H](CO)[C@H](O)c1ccc([N+](=O)[O-])cc1)C(Cl)Cl,-4.05465066071096,0.2581817853547368
PROCAINE,CHEMBL569,CCN(CC)CCOC(=O)c1ccc(N)cc1,-4.053598261285194,0.2449266519179405
ACEBUTOLOL,CHEMBL642,CCCC(=O)Nc1ccc(OCC(O)CNC(C)C)c(C(C)=O)c1,-4.040034465223594,0.2772323839323949
METHYLHOMATROPINE,CHEMBL1201235,C[N+]1(C)[C@@H]2CC[C@H]1C[C@@H](OC(=O)C(O)c1ccccc1)C2,-4.007212461639468,0.2568803986752001
AMINOHIPPURIC ACID,CHEMBL463,Nc1ccc(C(=O)NCC(=O)O)cc1,-3.996312129772546,0.3444869730932947
PROCARBAZINE,CHEMBL1321,CNNCc1ccc(C(=O)NC(C)C)cc1,-3.994276281852792,0.2427037860881971
SULBACTAM,CHEMBL403,CC1(C)[C@H](C(=O)O)N2C(=O)C[C@H]2S1(=O)=O,-3.989146277907344,0.2774215555702954
BROMAZEPAM,CHEMBL277062,O=C1CN=C(c2ccccn2)c2cc(Br)ccc2N1,-3.9887102269099417,0.3314242997301803
FENOFIBRIC ACID,CHEMBL981,CC(C)(Oc1ccc(C(=O)c2ccc(Cl)cc2)cc1)C(=O)O,-3.986928380188406,0.2867519788047826
CINOXACIN,CHEMBL1208,CCn1nc(C(=O)O)c(=O)c2cc3c(cc21)OCO3,-3.985561079048563,0.3429634972934969
OXELADIN,CHEMBL1500276,CCN(CC)CCOCCOC(=O)C(CC)(CC)c1ccccc1,-3.979105759439478,0.2658326480112971
OSELTAMIVIR,CHEMBL1229,CCOC(=O)C1=C[C@@H](OC(CC)CC)[C@H](NC(C)=O)[C@@H](N)C1,-3.973938104542297,0.2573911503826732
FENSPIRIDE,CHEMBL576127,O=C1NCC2(CCN(CCc3ccccc3)CC2)O1,-3.97070602975657,0.3279290528643725
METIPRANOLOL,CHEMBL1291,CC(=O)Oc1c(C)cc(OCC(O)CNC(C)C)c(C)c1C,-3.966752819129564,0.2713702531023633
AVIBACTAM,CHEMBL1689063,NC(=O)[C@@H]1CC[C@@H]2CN1C(=O)N2OS(=O)(=O)O,-3.9627889709354047,0.2627390478056337
ENTACAPONE,CHEMBL953,CCN(CC)C(=O)/C(C#N)=C/c1cc(O)c(O)c([N+](=O)[O-])c1,-3.961496873295383,0.24613819437307
ZOLMITRIPTAN,CHEMBL1185,CN(C)CCc1c[nH]c2ccc(C[C@H]3COC(=O)N3)cc12,-3.9610449666395127,0.3166309528050399
PHENYLBUTAZONE,CHEMBL101,CCCCC1C(=O)N(c2ccccc2)N(c2ccccc2)C1=O,-3.9531077965613215,0.2779665756464695
HOMATROPINE,CHEMBL1618018,CN1[C@@H]2CC[C@H]1C[C@@H](OC(=O)C(O)c1ccccc1)C2,-3.953106213268148,0.2641462358166683
CIPROFLOXACIN,CHEMBL8,O=C(O)c1cn(C2CC2)c2cc(N3CCNCC3)c(F)cc2c1=O,-3.9428458529469976,0.3554523526161173
BENFLUOREX,CHEMBL400599,CC(Cc1cccc(C(F)(F)F)c1)NCCOC(=O)c1ccccc1,-3.933582769186508,0.3014324525331865
DIBENZEPIN,CHEMBL1442422,CN(C)CCN1C(=O)c2ccccc2N(C)c2ccccc21,-3.930505745331895,0.240250187636109
DIAZEPAM,CHEMBL12,CN1C(=O)CN=C(c2ccccc2)c2cc(Cl)ccc21,-3.920918954743327,0.30067765902413
CLOPIDOGREL,CHEMBL1771,COC(=O)[C@H](c1ccccc1Cl)N1CCc2sccc2C1,-3.9161445980608782,0.2461226804626469
OXYPHENBUTAZONE ANHYDROUS,CHEMBL1228,CCCCC1C(=O)N(c2ccccc2)N(c2ccc(O)cc2)C1=O,-3.914963713544901,0.2949469338118726
CYCLANDELATE,CHEMBL1480987,CC1CC(OC(=O)C(O)c2ccccc2)CC(C)(C)C1,-3.91384378997023,0.3199874928515713
TOLCAPONE,CHEMBL1324,Cc1ccc(C(=O)c2cc(O)c(O)c([N+](=O)[O-])c2)cc1,-3.9025032797633448,0.2831706094049476
KETOTIFEN,CHEMBL534,CN1CCC(=C2c3ccccc3CC(=O)c3sccc32)CC1,-3.898132517831865,0.2222001998045851
AMINEPTINE,CHEMBL418995,O=C(O)CCCCCCNC1c2ccccc2CCc2ccccc21,-3.8936275287209514,0.3721216879726387
LORACARBEF ANHYDROUS,CHEMBL1013,N[C@@H](C(=O)N[C@@H]1C(=O)N2C(C(=O)O)=C(Cl)CC[C@H]12)c1ccccc1,-3.8891368874019,0.3166591969334444
DOLASETRON,CHEMBL2368925,O=C(O[C@@H]1C[C@@H]2C[C@H]3C[C@H](C1)N2CC3=O)c1c[nH]c2ccccc12,-3.885000511565141,0.3057305744557331
TOLOXATONE,CHEMBL18116,Cc1cccc(N2CC(CO)OC2=O)c1,-3.881575500625238,0.2678481918606206
TROPISETRON,CHEMBL56564,CN1[C@@H]2CC[C@H]1C[C@@H](OC(=O)c1c[nH]c3ccccc13)C2,-3.8807713045454415,0.2849721369585416
LORAZEPAM,CHEMBL580,O=C1Nc2ccc(Cl)cc2C(c2ccccc2Cl)=NC1O,-3.873209234006335,0.3199752219368305
LENALIDOMIDE,CHEMBL848,Nc1cccc2c1CN(C1CCC(=O)NC1=O)C2=O,-3.872490303905639,0.2886196357517159
FUROSEMIDE,CHEMBL35,NS(=O)(=O)c1cc(C(=O)O)c(NCc2ccco2)cc1Cl,-3.8719726408150033,0.3996084060793305
ATROPINE,CHEMBL517712,CN1[C@@H]2CC[C@H]1C[C@@H](OC(=O)C(CO)c1ccccc1)C2,-3.867571675996596,0.2515059646361135
FOSCARBIDOPA,CHEMBL4802240,C[C@@](Cc1ccc(OP(=O)(O)O)c(O)c1)(NN)C(=O)O,-3.864978425868694,0.3116758392767964
ICOSAPENT ETHYL,CHEMBL2095209,CC/C=C\C/C=C\C/C=C\C/C=C\C/C=C\CCCC(=O)OCC,-3.861131789831165,0.2376247066718386
INDOPROFEN,CHEMBL15870,CC(C(=O)O)c1ccc(N2Cc3ccccc3C2=O)cc1,-3.8605578396222704,0.2781798727062626
OXAZEPAM,CHEMBL568,O=C1Nc2ccc(Cl)cc2C(c2ccccc2)=NC1O,-3.858186689822303,0.3822798042264216
ENALAPRILAT ANHYDROUS,CHEMBL577,C[C@H](N[C@@H](CCc1ccccc1)C(=O)O)C(=O)N1CCC[C@H]1C(=O)O,-3.8549613445936033,0.2298645301660901
DISOPYRAMIDE,CHEMBL517,CC(C)N(CCC(C(N)=O)(c1ccccc1)c1ccccn1)C(C)C,-3.848956308124845,0.2739804181883781
OXYPHENONIUM,CHEMBL1201286,CC[N+](C)(CC)CCOC(=O)C(O)(c1ccccc1)C1CCCCC1,-3.845753006661845,0.2807136766468728
METHSCOPOLAMINE,CHEMBL376897,C[N+]1(C)[C@@H]2C[C@@H](OC(=O)[C@H](CO)c3ccccc3)C[C@H]1[C@@H]1O[C@@H]12,-3.841613686976029,0.2417400703099243
AMILORIDE,CHEMBL945,N=C(N)NC(=O)c1nc(Cl)c(N)nc1N,-3.8409114606682215,0.2577495145474062
IDEBENONE,CHEMBL252556,COC1=C(OC)C(=O)C(CCCCCCCCCCO)=C(C)C1=O,-3.8390303534073222,0.249789388011823
TETRAZEPAM,CHEMBL2105527,CN1C(=O)CN=C(C2=CCCCC2)c2cc(Cl)ccc21,-3.8387424365430127,0.2351225482398037
TRIBROMSALAN,CHEMBL24944,O=C(Nc1ccc(Br)cc1)c1cc(Br)cc(Br)c1O,-3.828108900893916,0.3208994436378396
BENDAMUSTINE,CHEMBL487253,Cn1c(CCCC(=O)O)nc2cc(N(CCCl)CCCl)ccc21,-3.810132272338324,0.391573003642446
ACITRETIN,CHEMBL1131,COc1cc(C)c(/C=C/C(C)=C/C=C/C(C)=C/C(=O)O)c(C)c1C,-3.804207979653331,0.2986751458251225
CLOTIAZEPAM,CHEMBL1697737,CCc1cc2c(s1)N(C)C(=O)CN=C2c1ccccc1Cl,-3.796704680581125,0.2398268913537501
CLORAZEPIC ACID,CHEMBL1213252,O=C(O)C1N=C(c2ccccc2)c2cc(Cl)ccc2NC1=O,-3.792901454052735,0.3584143208490802
SULFABENZAMIDE,CHEMBL1243,Nc1ccc(S(=O)(=O)NC(=O)c2ccccc2)cc1,-3.7855908953539226,0.314929471902698
ETODOLAC,CHEMBL622,CCc1cccc2c3c([nH]c12)C(CC)(CC(=O)O)OCC3,-3.785268674064821,0.3717701652350157
REMOXIPRIDE,CHEMBL22242,CCN1CCC[C@H]1CNC(=O)c1c(OC)ccc(Br)c1OC,-3.781441337819004,0.2691302702750334
PRAZIQUANTEL,CHEMBL976,O=C(C1CCCCC1)N1CC(=O)N2CCc3ccccc3C2C1,-3.781134494978104,0.2420817075570495
GLYCOPYRRONIUM,CHEMBL1201335,C[N+]1(C)CCC(OC(=O)C(O)(c2ccccc2)C2CCCC2)C1,-3.7773173170973857,0.2580631281158932
PALONOSETRON,CHEMBL1189679,O=C1c2cccc3c2[C@H](CCC3)CN1[C@@H]1CN2CCC1CC2,-3.775006853031621,0.2311681342221629
FEPRAZONE,CHEMBL1452696,CC(C)=CCC1C(=O)N(c2ccccc2)N(c2ccccc2)C1=O,-3.7747214709289527,0.2703974881724734
PROPARACAINE,CHEMBL1196,CCCOc1ccc(C(=O)OCCN(CC)CC)cc1N,-3.768031954035898,0.2871767806835957
NILUTAMIDE,CHEMBL1274,CC1(C)NC(=O)N(c2ccc([N+](=O)[O-])c(C(F)(F)F)c2)C1=O,-3.762068052121648,0.2403003839011656
DIPIVEFRIN,CHEMBL1201262,CNCC(O)c1ccc(OC(=O)C(C)(C)C)c(OC(=O)C(C)(C)C)c1,-3.759659902523892,0.2622461027744826
DIBUCAINE,CHEMBL1086,CCCCOc1cc(C(=O)NCCN(CC)CC)c2ccccc2n1,-3.754595355211861,0.2823910776952725
CARPROFEN,CHEMBL1316,CC(C(=O)O)c1ccc2c(c1)[nH]c1ccc(Cl)cc12,-3.754367566177684,0.3417708170112247
BENDAZAC,CHEMBL1089221,O=C(O)COc1nn(Cc2ccccc2)c2ccccc12,-3.751358848827109,0.3386546558841923
TEMAZEPAM,CHEMBL967,CN1C(=O)C(O)N=C(c2ccccc2)c2cc(Cl)ccc21,-3.7426408962276287,0.2524504415886984
DURLOBACTAM,CHEMBL4298137,CC1=C[C@@H]2CN(C(=O)N2OS(=O)(=O)O)[C@@H]1C(N)=O,-3.73668345175252,0.2341464818336696
ENOXACIN,CHEMBL826,CCn1cc(C(=O)O)c(=O)c2cc(F)c(N3CCNCC3)nc21,-3.735808010030573,0.3650431631874981
FROVATRIPTAN,CHEMBL1279,CN[C@@H]1CCc2[nH]c3ccc(C(N)=O)cc3c2C1,-3.732169352184045,0.277253217279405
SCOPOLAMINE,CHEMBL569713,CN1[C@@H]2C[C@@H](OC(=O)[C@H](CO)c3ccccc3)C[C@H]1[C@@H]1O[C@@H]12,-3.731225873834686,0.2341445503842324
POMALIDOMIDE,CHEMBL43452,Nc1cccc2c1C(=O)N(C1CCC(=O)NC1=O)C2=O,-3.728986279425317,0.3028186759969441
LORMETAZEPAM,CHEMBL22097,CN1C(=O)C(O)N=C(c2ccccc2Cl)c2cc(Cl)ccc21,-3.727353269964624,0.2290521587354422
ALCAFTADINE,CHEMBL1201747,CN1CCC(=C2c3ccccc3CCn3c(C=O)cnc32)CC1,-3.726516695936387,0.1888203479036368
CINCHOPHEN,CHEMBL348000,O=C(O)c1cc(-c2ccccc2)nc2ccccc12,-3.721164458471547,0.4359853731880906
NEVIRAPINE,CHEMBL57,Cc1ccnc2c1NC(=O)c1cccnc1N2C1CC1,-3.718562436588762,0.2472670741533179
SULPIRIDE,CHEMBL26,CCN1CCCC1CNC(=O)c1cc(S(N)(=O)=O)ccc1OC,-3.710827761081672,0.2763336272062374
ISOPROPAMIDE,CHEMBL1201232,CC(C)[N+](C)(CCC(C(N)=O)(c1ccccc1)c1ccccc1)C(C)C,-3.696354256907942,0.2739468344524458
SULFISOXAZOLE ACETYL,CHEMBL1200910,CC(=O)N(c1onc(C)c1C)S(=O)(=O)c1ccc(N)cc1,-3.692251514828095,0.2045377683789672
LAPYRIUM,CHEMBL1201786,CCCCCCCCCCCC(=O)OCCNC(=O)C[n+]1ccccc1,-3.6910336811950657,0.2826001171698425
MEPENZOLATE,CHEMBL524004,C[N+]1(C)CCCC(OC(=O)C(O)(c2ccccc2)c2ccccc2)C1,-3.6832251545388615,0.2626114172346092
FEBUXOSTAT,CHEMBL1164729,Cc1nc(-c2ccc(OCC(C)C)c(C#N)c2)sc1C(=O)O,-3.675369504055682,0.3082005233967559
IPRATROPIUM,CHEMBL1621597,CC(C)[N+]1(C)[C@@H]2CC[C@H]1C[C@@H](OC(=O)C(CO)c1ccccc1)C2,-3.665674232002249,0.2322029419308341
PYROVALERONE,CHEMBL201960,CCCC(C(=O)c1ccc(C)cc1)N1CCCC1,-3.6642374929940087,0.253956358731305
EZOGABINE,CHEMBL41355,CCOC(=O)Nc1ccc(NCc2ccc(F)cc2)cc1N,-3.659196967541377,0.2641158089194664
CHLORTHALIDONE,CHEMBL1055,NS(=O)(=O)c1cc(C2(O)NC(=O)c3ccccc32)ccc1Cl,-3.658811468048623,0.296611019697481
ACETOHEXAMIDE,CHEMBL1589,CC(=O)c1ccc(S(=O)(=O)NC(=O)NC2CCCCC2)cc1,-3.653677244161495,0.1862594713636238
BEMPEDOIC ACID,CHEMBL3545313,CC(C)(CCCCCC(O)CCCCCC(C)(C)C(=O)O)C(=O)O,-3.6508739256353273,0.2548789171362284
PROCAINAMIDE,CHEMBL640,CCN(CC)CCNC(=O)c1ccc(N)cc1,-3.646082276914379,0.2462459462040434
RITLECITINIB,CHEMBL4085457,C=CC(=O)N1C[C@H](Nc2ncnc3[nH]ccc23)CC[C@@H]1C,-3.645590614922176,0.2656641774492932
ALPROSTADIL,CHEMBL495,CCCCC[C@H](O)/C=C/[C@H]1[C@H](O)CC(=O)[C@@H]1CCCCCCC(=O)O,-3.635496266861231,0.3723200575305353
RAMOSETRON,CHEMBL1643895,Cn1cc(C(=O)[C@@H]2CCc3[nH]cnc3C2)c2ccccc21,-3.63532279086748,0.2928843734175252
FLUPIRTINE,CHEMBL255044,CCOC(=O)Nc1ccc(NCc2ccc(F)cc2)nc1N,-3.634884282373412,0.245788305353391
PRAZEPAM,CHEMBL969,O=C1CN=C(c2ccccc2)c2cc(Cl)ccc2N1CC1CC1,-3.6229399713926034,0.3110862825250064
OXYPHENISATINE,CHEMBL245807,O=C1Nc2ccccc2C1(c1ccc(O)cc1)c1ccc(O)cc1,-3.612160895614449,0.3150552719382092
INDECAINIDE,CHEMBL1201242,CC(C)NCCCC1(C(N)=O)c2ccccc2-c2ccccc21,-3.61195470822894,0.2528613716858843
ROFECOXIB,CHEMBL122,CS(=O)(=O)c1ccc(C2=C(c3ccccc3)C(=O)OC2)cc1,-3.601926588564106,0.27857960436584
CARBETAPENTANE,CHEMBL73234,CCN(CC)CCOCCOC(=O)C1(c2ccccc2)CCCC1,-3.5889736133681143,0.2344399305675786
METHANTHELINE,CHEMBL1201264,CC[N+](C)(CC)CCOC(=O)C1c2ccccc2Oc2ccccc21,-3.5847729365193013,0.2366534138639343
AVOBENZONE,CHEMBL1200522,COc1ccc(C(=O)CC(=O)c2ccc(C(C)(C)C)cc2)cc1,-3.576123695094641,0.2024054726792725
CEFACLOR ANHYDROUS,CHEMBL680,N[C@@H](C(=O)N[C@@H]1C(=O)N2C(C(=O)O)=C(Cl)CS[C@H]12)c1ccccc1,-3.570815095363087,0.3300584097397811
NIFEDIPINE,CHEMBL193,COC(=O)C1=C(C)NC(C)=C(C(=O)OC)C1c1ccccc1[N+](=O)[O-],-3.5686284523950382,0.2785048881836992
EFAVIRENZ,CHEMBL223228,O=C1Nc2ccc(Cl)cc2[C@@](C#CC2CC2)(C(F)(F)F)O1,-3.5616337523786235,0.2764121391038744
ANISOTROPINE,CHEMBL1186610,CCCC(CCC)C(=O)O[C@H]1C[C@H]2CC[C@@H](C1)[N+]2(C)C,-3.5550171942119846,0.2345793655814611
FLUMAZENIL,CHEMBL407,CCOC(=O)c1ncn2c1CN(C)C(=O)c1cc(F)ccc1-2,-3.5424602717846225,0.230797371350349
OXAPROZIN,CHEMBL1071,O=C(O)CCc1nc(-c2ccccc2)c(-c2ccccc2)o1,-3.5294067660248856,0.3859905446103805
NIRAPARIB,CHEMBL1094636,NC(=O)c1cccc2cn(-c3ccc([C@@H]4CCCNC4)cc3)nc12,-3.5212023882724828,0.3144290514061308
GRANISETRON,CHEMBL289469,CN1C2CCCC1CC(NC(=O)c1nn(C)c3ccccc13)C2,-3.513788195202619,0.2188007785423455
OLOPATADINE,CHEMBL1189432,CN(C)CC/C=C1/c2ccccc2COc2ccc(CC(=O)O)cc21,-3.505812238245157,0.2978573103476693
CEPHALEXIN ANHYDROUS,CHEMBL1727,CC1=C(C(=O)O)N2C(=O)[C@@H](NC(=O)[C@H](N)c3ccccc3)[C@H]2SC1,-3.497389893004374,0.2971955316171106
DINOPROSTONE,CHEMBL548,CCCCC[C@H](O)/C=C/[C@H]1[C@H](O)CC(=O)[C@@H]1C/C=C\CCCC(=O)O,-3.480603559605305,0.3089183228977972
SERATRODAST,CHEMBL70972,CC1=C(C)C(=O)C(C(CCCCCC(=O)O)c2ccccc2)=C(C)C1=O,-3.4792981965598995,0.3629357748922964
ALOSETRON,CHEMBL1110,Cc1[nH]cnc1CN1CCc2c(c3ccccc3n2C)C1=O,-3.477830829246951,0.2844201501918348
PERAMIVIR ANHYDROUS,CHEMBL139367,CCC(CC)[C@H](NC(C)=O)[C@@H]1[C@H](O)[C@@H](C(=O)O)C[C@H]1NC(=N)N,-3.474961309527238,0.2237973163935128
VALACYCLOVIR,CHEMBL1349,CC(C)[C@H](N)C(=O)OCCOCn1cnc2c(=O)nc(N)[nH]c21,-3.472694983476386,0.2755796233452432
PROGLUMIDE,CHEMBL316561,CCCN(CCC)C(=O)C(CCC(=O)O)NC(=O)c1ccccc1,-3.4721793234238048,0.2794300489170235
VILDAGLIPTIN,CHEMBL142703,N#C[C@@H]1CCCN1C(=O)CNC12CC3CC(CC(O)(C3)C1)C2,-3.4696570402644125,0.1889343170579464
PIROXICAM,CHEMBL527,CN1C(C(=O)Nc2ccccn2)=C(O)c2ccccc2S1(=O)=O,-3.462923045882084,0.2170968506447182
HALAZEPAM,CHEMBL970,O=C1CN=C(c2ccccc2)c2cc(Cl)ccc2N1CC(F)(F)F,-3.461740632564657,0.3380843441272436
PEFICITINIB,CHEMBL3137308,NC(=O)c1cnc2[nH]ccc2c1N[C@@H]1[C@@H]2CC3C[C@H]1C[C@@](O)(C3)C2,-3.4595353188872235,0.2888112610403386
BECLOBRATE,CHEMBL152684,CCOC(=O)C(C)(CC)Oc1ccc(Cc2ccc(Cl)cc2)cc1,-3.444320027696142,0.2180559565824876
PHENOLPHTHALEIN,CHEMBL63857,O=C1OC(c2ccc(O)cc2)(c2ccc(O)cc2)c2ccccc21,-3.4360825512617037,0.2659360516325474
OXYBUTYNIN,CHEMBL1231,CCN(CC)CC#CCOC(=O)C(O)(c1ccccc1)C1CCCCC1,-3.429606200555196,0.2658392129655241
IOPHENDYLATE,CHEMBL951,CCOC(=O)CCCCCCCCC(C)c1ccc(I)cc1,-3.4225145858078565,0.2416447656958958
TORSEMIDE,CHEMBL1148,Cc1cccc(Nc2ccncc2S(=O)(=O)NC(=O)NC(C)C)c1,-3.417080159828606,0.2552020212642989
CEPHRADINE,CHEMBL1604,CC1=C(C(=O)O)N2C(=O)[C@@H](NC(=O)[C@H](N)C3=CCC=CC3)[C@H]2SC1,-3.4140919561960885,0.3136978303541003
BENZARONE,CHEMBL1474963,CCc1oc2ccccc2c1C(=O)c1ccc(O)cc1,-3.4089244527994795,0.2950073625940679
COCAINE,CHEMBL370805,COC(=O)[C@H]1[C@@H](OC(=O)c2ccccc2)C[C@@H]2CC[C@H]1N2C,-3.402316401429607,0.206827444422035
GABAPENTIN ENACARBIL,CHEMBL1628502,CC(OC(=O)NCC1(CC(=O)O)CCCCC1)OC(=O)C(C)C,-3.4011673341545325,0.2117167697025004
WARFARIN,CHEMBL1464,CC(=O)CC(c1ccccc1)c1c(O)c2ccccc2oc1=O,-3.388261969077289,0.2443553811674477
CLONAZEPAM,CHEMBL452,O=C1CN=C(c2ccccc2Cl)c2cc([N+](=O)[O-])ccc2N1,-3.3876361587599857,0.2954061372485423
TETRABENAZINE,CHEMBL117785,COc1cc2c(cc1OC)C1CC(=O)C(CC(C)C)CN1CC2,-3.3859474079075342,0.1758322423432284
SAXAGLIPTIN ANHYDROUS,CHEMBL385517,N#C[C@@H]1C[C@@H]2C[C@@H]2N1C(=O)[C@@H](N)C12CC3CC(CC(O)(C3)C1)C2,-3.382766624889909,0.2270078674431265
CAPECITABINE,CHEMBL1773,CCCCCOC(=O)Nc1nc(=O)n([C@@H]2O[C@H](C)[C@@H](O)[C@H]2O)cc1F,-3.382701754248313,0.2582043817991264
ATALUREN,CHEMBL256997,O=C(O)c1cccc(-c2noc(-c3ccccc3F)n2)c1,-3.3785949708336656,0.3658937268655785
FENTANYL,CHEMBL596,CCC(=O)N(c1ccccc1)C1CCN(CCc2ccccc2)CC1,-3.3715666648834413,0.2479422498121673
NALOXONE,CHEMBL80,C=CCN1CC[C@]23c4c5ccc(O)c4O[C@H]2C(=O)CC[C@@]3(O)[C@H]1C5,-3.3618500500617388,0.2381541505091811
LOMEFLOXACIN,CHEMBL561,CCn1cc(C(=O)O)c(=O)c2cc(F)c(N3CCNC(C)C3)c(F)c21,-3.3610356546998696,0.3450795096007363
ONDANSETRON,CHEMBL46,Cc1nccn1CC1CCc2c(c3ccccc3n2C)C1=O,-3.358270225406103,0.2205737799439786
BUMETANIDE,CHEMBL1072,CCCCNc1cc(C(=O)O)cc(S(N)(=O)=O)c1Oc1ccccc1,-3.349169659287328,0.3155403186953788
NITRAZEPAM,CHEMBL13209,O=C1CN=C(c2ccccc2)c2cc([N+](=O)[O-])ccc2N1,-3.3457121184020457,0.3413321307581793
CANTHARIDIN,CHEMBL48449,C[C@@]12C(=O)OC(=O)[C@]1(C)[C@H]1CC[C@@H]2O1,-3.34295252214795,0.235889264826838
FLUNITRAZEPAM,CHEMBL13280,CN1C(=O)CN=C(c2ccccc2F)c2cc([N+](=O)[O-])ccc21,-3.335209334333375,0.2093301138704356
DEUTETRABENAZINE,CHEMBL3137326,[2H]C([2H])([2H])Oc1cc2c(cc1OC([2H])([2H])[2H])C1CC(=O)C(CC(C)C)CN1CC2,-3.331512600196488,0.1870622655539334
EPOPROSTENOL,CHEMBL1139,CCCCC[C@H](O)/C=C/[C@@H]1[C@H]2C/C(=C/CCCC(=O)O)O[C@H]2C[C@H]1O,-3.3264523220783007,0.3036696675937017
ILOPROST,CHEMBL494,CC#CCC(C)[C@H](O)/C=C/[C@@H]1[C@H]2C/C(=C/CCCC(=O)O)C[C@H]2C[C@H]1O,-3.324652698554135,0.3217782999305855
PIPERIDOLATE,CHEMBL1623992,CCN1CCCC(OC(=O)C(c2ccccc2)c2ccccc2)C1,-3.3230707881613397,0.2177087198229883
FENOFIBRATE,CHEMBL672,CC(C)OC(=O)C(C)(C)Oc1ccc(C(=O)c2ccc(Cl)cc2)cc1,-3.318820155913805,0.1923394183486766
METHYLERGONOVINE,CHEMBL1201356,CC[C@@H](CO)NC(=O)[C@@H]1C=C2c3cccc4[nH]cc(c34)C[C@H]2N(C)C1,-3.313760871662333,0.2657986459325611
FAMCICLOVIR,CHEMBL880,CC(=O)OCC(CCn1cnc2cnc(N)nc21)COC(C)=O,-3.312444302060872,0.2327632639713621
RUCAPARIB,CHEMBL1173055,CNCc1ccc(-c2[nH]c3cc(F)cc4c3c2CCNC4=O)cc1,-3.26655766288096,0.2575645148092104
FELODIPINE,CHEMBL1480,CCOC(=O)C1=C(C)NC(C)=C(C(=O)OC)C1c1cccc(Cl)c1Cl,-3.266026268136029,0.3226812511276042
ISOXICAM,CHEMBL53292,Cc1cc(NC(=O)C2=C(O)c3ccccc3S(=O)(=O)N2C)no1,-3.2379361181316715,0.2106203006879933
CLIDINIUM,CHEMBL620,C[N+]12CCC(CC1)C(OC(=O)C(O)(c1ccccc1)c1ccccc1)C2,-3.2277909699438974,0.2667238610899969
TOFACITINIB,CHEMBL221959,C[C@@H]1CCN(C(=O)CC#N)C[C@@H]1N(C)c1ncnc2[nH]ccc12,-3.2269659706326888,0.2277345036861583
HYDROMORPHONE,CHEMBL398707,CN1CC[C@]23c4c5ccc(O)c4O[C@H]2C(=O)CC[C@H]3[C@H]1C5,-3.208363982189186,0.1847416615667772
OCTOCRYLENE,CHEMBL1201147,CCCCC(CC)COC(=O)C(C#N)=C(c1ccccc1)c1ccccc1,-3.208046502610153,0.2630257547803599
BENOXINATE,CHEMBL1200,CCCCOc1cc(C(=O)OCCN(CC)CC)ccc1N,-3.204148915018396,0.2426266558913698
OXYPHENCYCLIMINE,CHEMBL1495,CN1CCCN=C1COC(=O)C(O)(c1ccccc1)C1CCCCC1,-3.2010873354617724,0.2294065110448455
PENICILLIN G,CHEMBL29,CC1(C)S[C@@H]2[C@H](NC(=O)Cc3ccccc3)C(=O)N2[C@H]1C(=O)O,-3.200168910012537,0.2640374099491848
MEBENDAZOLE,CHEMBL685,COC(=O)Nc1nc2cc(C(=O)c3ccccc3)ccc2[nH]1,-3.198848806522949,0.2964501482642229
DISTIGMINE,CHEMBL1199307,CN(CCCCCCN(C)C(=O)Oc1ccc[n+](C)c1)C(=O)Oc1ccc[n+](C)c1,-3.194660868245708,0.2829372483218236
DINOPROST,CHEMBL815,CCCCC[C@H](O)/C=C/[C@@H]1[C@@H](C/C=C\CCCC(=O)O)[C@@H](O)C[C@H]1O,-3.194187551300673,0.2522544853142064
BIOALLETHRIN,CHEMBL1788403,C=CCC1=C(C)C(OC(=O)[C@@H]2[C@@H](C=C(C)C)C2(C)C)CC1=O,-3.1936859766905177,0.2042683222241584
ETRETINATE,CHEMBL464,CCOC(=O)/C=C(C)/C=C/C=C(C)/C=C/c1c(C)cc(OC)c(C)c1C,-3.1887905065069164,0.2402077150345993
OXYCODONE,CHEMBL656,COc1ccc2c3c1O[C@H]1C(=O)CC[C@@]4(O)[C@@H](C2)N(C)CC[C@]314,-3.1608622545402727,0.2231249790308822
METOLAZONE,CHEMBL878,Cc1ccccc1N1C(=O)c2cc(S(N)(=O)=O)c(Cl)cc2NC1C,-3.159120545566438,0.2626503939190559
FLECAINIDE,CHEMBL652,O=C(NCC1CCCCN1)c1cc(OCC(F)(F)F)ccc1OCC(F)(F)F,-3.1521030192906,0.3307315374883477
OXYMORPHONE,CHEMBL963,CN1CC[C@]23c4c5ccc(O)c4O[C@H]2C(=O)CC[C@@]3(O)[C@H]1C5,-3.1507313612906005,0.1881031255770607
TRIMETHAPHAN,CHEMBL1201329,O=C1N(Cc2ccccc2)C2C[S+]3CCCC3C2N1Cc1ccccc1,-3.1430385080105467,0.2808041455133576
PIXANTRONE,CHEMBL167731,NCCNc1ccc(NCCN)c2c1C(=O)c1ccncc1C2=O,-3.141650696052072,0.2591361802020299
MELOXICAM,CHEMBL599,Cc1cnc(NC(=O)C2=C(O)c3ccccc3S(=O)(=O)N2C)s1,-3.1352300267539275,0.200347044823323
GLICLAZIDE,CHEMBL427216,Cc1ccc(S(=O)(=O)NC(=O)NN2CC3CCCC3C2)cc1,-3.1343525180962097,0.2005191721119082
CELIPROLOL,CHEMBL27810,CCN(CC)C(=O)Nc1ccc(OCC(O)CNC(C)(C)C)c(C(C)=O)c1,-3.120470576896549,0.2888059911276521
PHYSOSTIGMINE,CHEMBL94,CNC(=O)Oc1ccc2c(c1)[C@]1(C)CCN(C)[C@@H]1N2C,-3.112622410788458,0.218374192135833
GRISEOFULVIN,CHEMBL562,COC1=CC(=O)C[C@@H](C)[C@]12Oc1c(Cl)c(OC)cc(OC)c1C2=O,-3.106266028728279,0.1939766357175622
FLUORESCEIN,CHEMBL1057,O=C1OC2(c3ccc(O)cc3Oc3cc(O)ccc32)c2ccccc21,-3.09564900755615,0.2743670328931518
HYDROCODONE,CHEMBL1457,COc1ccc2c3c1O[C@H]1C(=O)CC[C@H]4[C@@H](C2)N(C)CC[C@]314,-3.091892106056165,0.1843607266779565
NALTREXONE,CHEMBL19019,O=C1CC[C@@]2(O)[C@H]3Cc4ccc(O)c5c4[C@@]2(CCN3CC2CC2)[C@H]1O5,-3.079556287042038,0.2271866419149769
PIRENZEPINE,CHEMBL9967,CN1CCN(CC(=O)N2c3ccccc3C(=O)Nc3cccnc32)CC1,-3.078680917395061,0.2422451359665321
VALGANCICLOVIR,CHEMBL1201314,CC(C)[C@H](N)C(=O)OCC(CO)OCn1cnc2c(=O)[nH]c(N)nc21,-3.0754328011259537,0.2948988356977488
AMLEXANOX,CHEMBL1096,CC(C)c1ccc2oc3nc(N)c(C(=O)O)cc3c(=O)c2c1,-3.068588260592691,0.3128499310005069
AMDINOCILLIN,CHEMBL530,CC1(C)S[C@@H]2[C@H](/N=C/N3CCCCCC3)C(=O)N2[C@H]1C(=O)O,-3.0677191793986403,0.2449189451709863
CILASTATIN,CHEMBL766,CC1(C)C[C@@H]1C(=O)N/C(=C\CCCCSC[C@H](N)C(=O)O)C(=O)O,-3.0649907009966078,0.2563432959236288
TIROFIBAN,CHEMBL916,CCCCS(=O)(=O)N[C@@H](Cc1ccc(OCCCCC2CCNCC2)cc1)C(=O)O,-3.062779094078563,0.3029865084706188
ROSIGLITAZONE,CHEMBL121,CN(CCOc1ccc(CC2SC(=O)NC2=O)cc1)c1ccccn1,-3.0530413790801725,0.2408431111190506
PROPIOMAZINE,CHEMBL1201210,CCC(=O)c1ccc2c(c1)N(CC(C)N(C)C)c1ccccc1S2,-3.051495566026059,0.2133633631399744
TAFAMIDIS,CHEMBL2103837,O=C(O)c1ccc2nc(-c3cc(Cl)cc(Cl)c3)oc2c1,-3.0400997700653773,0.3313659276710898
FOSPHENYTOIN,CHEMBL1201336,O=C1NC(c2ccccc2)(c2ccccc2)C(=O)N1COP(=O)(O)O,-3.034788181401825,0.3053566588991179
EVOGLIPTIN,CHEMBL1779710,CC(C)(C)OC[C@@H]1C(=O)NCCN1C(=O)C[C@H](N)Cc1cc(F)c(F)cc1F,-3.0203917374702254,0.2896504422665367
OFLOXACIN,CHEMBL4,CC1COc2c(N3CCN(C)CC3)c(F)cc3c(=O)c(C(=O)O)cn1c23,-3.0178631493340973,0.3044114673162084
LEVOFLOXACIN ANHYDROUS,CHEMBL33,C[C@H]1COc2c(N3CCN(C)CC3)c(F)cc3c(=O)c(C(=O)O)cn1c23,-3.0178631493340973,0.3044114673162084
BEPOTASTINE,CHEMBL1201758,O=C(O)CCCN1CCC(O[C@@H](c2ccc(Cl)cc2)c2ccccn2)CC1,-3.0145463108564794,0.335445292640636
DICYCLOMINE,CHEMBL1123,CCN(CC)CCOC(=O)C1(C2CCCCC2)CCCCC1,-3.0107484783163696,0.1751793375286145
LEVONORGESTREL,CHEMBL1389,C#C[C@]1(O)CC[C@H]2[C@@H]3CCC4=CC(=O)CC[C@@H]4[C@H]3CC[C@@]21CC,-3.005769837924245,0.168844473133826
NORGESTREL,CHEMBL2107797,C#CC1(O)CC[C@H]2[C@@H]3CCC4=CC(=O)CC[C@@H]4[C@H]3CC[C@@]21CC,-3.005769837924245,0.168844473133826
TRIHEPTANOIN,CHEMBL4297585,CCCCCCC(=O)OCC(COC(=O)CCCCCC)OC(=O)CCCCCC,-2.997368253116787,0.2390434668955938
TAZOBACTAM,CHEMBL404,C[C@]1(Cn2ccnn2)[C@H](C(=O)O)N2C(=O)C[C@H]2S1(=O)=O,-2.987706007222186,0.2451080469896449
MISOPROSTOL,CHEMBL606,CCCCC(C)(O)C/C=C/[C@H]1[C@H](O)CC(=O)[C@@H]1CCCCCCC(=O)OC,-2.9822197532384966,0.3124474438874378
LINEZOLID,CHEMBL126,CC(=O)NC[C@H]1CN(c2ccc(N3CCOCC3)c(F)c2)C(=O)O1,-2.977610245952316,0.2211827268134905
PIOGLITAZONE,CHEMBL595,CCc1ccc(CCOc2ccc(CC3SC(=O)NC3=O)cc2)nc1,-2.950166226433089,0.2235884160264799
BENOXAPROFEN,CHEMBL340978,CC(C(=O)O)c1ccc2oc(-c3ccc(Cl)cc3)nc2c1,-2.9435283576627214,0.2750314562279589
ESTRONE,CHEMBL1405,C[C@]12CC[C@@H]3c4ccc(O)cc4CC[C@H]3[C@@H]1CCC2=O,-2.94075946868816,0.2377944869272691
RACECADOTRIL,CHEMBL2103772,CC(=O)SCC(Cc1ccccc1)C(=O)NCC(=O)OCc1ccccc1,-2.93637889528272,0.3107817396572926
ATOVAQUONE,CHEMBL1450,O=C1C(O)=C([C@H]2CC[C@H](c3ccc(Cl)cc3)CC2)C(=O)c2ccccc21,-2.934904550084217,0.2520071373911143
RELEBACTAM ANHYDROUS,CHEMBL3112741,O=C(NC1CCNCC1)[C@@H]1CC[C@@H]2CN1C(=O)N2OS(=O)(=O)O,-2.9307875530518634,0.2576201914565066
LISINOPRIL ANHYDROUS,CHEMBL1237,NCCCC[C@H](N[C@@H](CCc1ccccc1)C(=O)O)C(=O)N1CCC[C@H]1C(=O)O,-2.930416541314629,0.2860575309595362
SOLIFENACIN,CHEMBL1734,O=C(O[C@H]1CN2CCC1CC2)N1CCc2ccccc2[C@@H]1c1ccccc1,-2.929525139760757,0.2796600045615708
IOFLUPANE,CHEMBL1945778,COC(=O)[C@H]1[C@@H](c2ccc(I)cc2)C[C@@H]2CC[C@H]1N2CCCF,-2.928085803229969,0.2155362583521629
ZOLPIDEM,CHEMBL911,Cc1ccc(-c2nc3ccc(C)cn3c2CC(=O)N(C)C)cc1,-2.9217538350262204,0.2249672371290475
ZALEPLON,CHEMBL1521,CCN(C(C)=O)c1cccc(-c2ccnc3c(C#N)cnn23)c1,-2.919702302557857,0.2536857141318538
LANINAMIVIR OCTANOATE,CHEMBL467058,CCCCCCCC(=O)OC[C@@H](O)[C@@H](OC)[C@@H]1OC(C(=O)O)=C[C@H](NC(=N)N)[C@H]1NC(C)=O,-2.9072362342707816,0.3134440428605108
LEVAMLODIPINE,CHEMBL2111097,CCOC(=O)C1=C(COCCN)NC(C)=C(C(=O)OC)[C@@H]1c1ccccc1Cl,-2.904452541713181,0.2971131589238208
AMLODIPINE,CHEMBL1491,CCOC(=O)C1=C(COCCN)NC(C)=C(C(=O)OC)C1c1ccccc1Cl,-2.904452541713181,0.2971131589238208
SACUBITRIL,CHEMBL3137301,CCOC(=O)[C@H](C)C[C@@H](Cc1ccc(-c2ccccc2)cc1)NC(=O)CCC(=O)O,-2.8971647693761358,0.322363592286705
METHYSERGIDE,CHEMBL1065,CC[C@@H](CO)NC(=O)[C@@H]1C=C2c3cccc4c3c(cn4C)C[C@H]2N(C)C1,-2.8933445811149343,0.2312542208217343
AZARIBINE,CHEMBL515914,CC(=O)OC[C@H]1O[C@@H](n2ncc(=O)[nH]c2=O)[C@H](OC(C)=O)[C@@H]1OC(C)=O,-2.883754256390967,0.2660416829474891
DANTROLENE,CHEMBL1201288,O=C1CN(/N=C/c2ccc(-c3ccc([N+](=O)[O-])cc3)o2)C(=O)N1,-2.8774903067026982,0.2543365502391503
PIPAMAZINE,CHEMBL1909072,NC(=O)C1CCN(CCCN2c3ccccc3Sc3ccc(Cl)cc32)CC1,-2.8627611164224125,0.3053748248891133
CLEVIDIPINE,CHEMBL1237132,CCCC(=O)OCOC(=O)C1=C(C)NC(C)=C(C(=O)OC)C1c1cccc(Cl)c1Cl,-2.8605628608974003,0.3262446975980641
AMPICILLIN,CHEMBL174,CC1(C)S[C@@H]2[C@H](NC(=O)[C@H](N)c3ccccc3)C(=O)N2[C@H]1C(=O)O,-2.858613249415108,0.2611410600886268
PANOBINOSTAT,CHEMBL483254,Cc1[nH]c2ccccc2c1CCNCc1ccc(/C=C/C(=O)NO)cc1,-2.8579202205774807,0.271955610986657
PENICILLIN V,CHEMBL615,CC1(C)S[C@@H]2[C@H](NC(=O)COc3ccccc3)C(=O)N2[C@H]1C(=O)O,-2.857337244895248,0.2673933423971223
LEVOCETIRIZINE,CHEMBL1201191,O=C(O)COCCN1CCN([C@H](c2ccccc2)c2ccc(Cl)cc2)CC1,-2.84993107799076,0.2749965532941801
CETIRIZINE,CHEMBL1000,O=C(O)COCCN1CCN(C(c2ccccc2)c2ccc(Cl)cc2)CC1,-2.84993107799076,0.2749965532941801
LESINURAD,CHEMBL2105720,O=C(O)CSc1nnc(Br)n1-c1ccc(C2CC2)c2ccccc12,-2.8458214092423253,0.284887805085256
TETRAMETHRIN,CHEMBL1788386,CC(C)=CC1C(C(=O)OCN2C(=O)C3=C(CCCC3)C2=O)C1(C)C,-2.841126556163314,0.1949228778474941
CARBOPROST,CHEMBL1237122,CCCCC[C@](C)(O)/C=C/[C@@H]1[C@@H](C/C=C\CCCC(=O)O)[C@@H](O)C[C@H]1O,-2.833087239796347,0.2700361269265258
VERALIPRIDE,CHEMBL2105581,C=CCN1CCCC1CNC(=O)c1cc(S(N)(=O)=O)cc(OC)c1OC,-2.8280678121465743,0.2544602889717852
ENALAPRIL,CHEMBL578,CCOC(=O)[C@H](CCc1ccccc1)N[C@@H](C)C(=O)N1CCC[C@H]1C(=O)O,-2.823756249331152,0.2307163783231504
CEFADROXIL,CHEMBL1644,CC1=C(C(=O)O)N2C(=O)[C@@H](NC(=O)[C@H](N)c3ccc(O)cc3)[C@H]2SC1,-2.807271063283669,0.2782008545100075
PROPANTHELINE,CHEMBL1180725,CC(C)[N+](C)(CCOC(=O)C1c2ccccc2Oc2ccccc21)C(C)C,-2.80276087883107,0.2242160312497267
PENTETIC ACID,CHEMBL780,O=C(O)CN(CCN(CC(=O)O)CC(=O)O)CCN(CC(=O)O)CC(=O)O,-2.79478075885827,0.2458756118646527
IOFLUPANE I 123,CHEMBL3989517,COC(=O)[C@H]1[C@@H](c2ccc([123I])cc2)C[C@@H]2CC[C@H]1N2CCCF,-2.7898634007405567,0.2144878002023832
GREPAFLOXACIN,CHEMBL583,Cc1c(F)c(N2CCNC(C)C2)cc2c1c(=O)c(C(=O)O)cn2C1CC1,-2.7716835383879457,0.331549354266071
PRUCALOPRIDE,CHEMBL117287,COCCCN1CCC(NC(=O)c2cc(Cl)c(N)c3c2OCC3)CC1,-2.768423660589724,0.2275233295039817
TROSPIUM,CHEMBL1888176,O=C(O[C@H]1C[C@H]2CC[C@@H](C1)[N+]21CCCC1)C(O)(c1ccccc1)c1ccccc1,-2.75906019894866,0.3001175543836199
VOXELOTOR,CHEMBL4101807,CC(C)n1nccc1-c1ncccc1COc1cccc(O)c1C=O,-2.7586931952457645,0.2159103295743321
KETAZOLAM,CHEMBL2104356,CC1=CC(=O)N2CC(=O)N(C)c3ccc(Cl)cc3C2(c2ccccc2)O1,-2.7560857366857303,0.2468671720593483
AMISULPRIDE,CHEMBL243712,CCN1CCCC1CNC(=O)c1cc(S(=O)(=O)CC)c(N)cc1OC,-2.75181607466601,0.2342721744105107
PIRETANIDE,CHEMBL349803,NS(=O)(=O)c1cc(C(=O)O)cc(N2CCCC2)c1Oc1ccccc1,-2.746891793994381,0.2959478322262596
CARIPRAZINE,CHEMBL2028019,CN(C)C(=O)N[C@H]1CC[C@H](CCN2CCN(c3cccc(Cl)c3Cl)CC2)CC1,-2.7432343583557226,0.2394332383414562
MELPHALAN FLUFENAMIDE,CHEMBL4303060,CCOC(=O)[C@H](Cc1ccc(F)cc1)NC(=O)[C@@H](N)Cc1ccc(N(CCCl)CCCl)cc1,-2.738433054786604,0.2979492420587449
SULINDAC,CHEMBL15770,CC1=C(CC(=O)O)c2cc(F)ccc2/C1=C\c1ccc([S+](C)[O-])cc1,-2.7382329898815847,0.3124799526846013
BICALUTAMIDE,CHEMBL409,CC(O)(CS(=O)(=O)c1ccc(F)cc1)C(=O)Nc1ccc(C#N)c(C(F)(F)F)c1,-2.731224812042293,0.227547110123223
GLAFENINE,CHEMBL146095,O=C(OCC(O)CO)c1ccccc1Nc1ccnc2cc(Cl)ccc12,-2.73073329194884,0.4057323430145475
LUBIPROSTONE,CHEMBL1201134,CCCCC(F)(F)[C@@]1(O)CC[C@H]2[C@@H](CC(=O)[C@@H]2CCCCCCC(=O)O)O1,-2.721124255609203,0.3793865692714855
INDAPAMIDE,CHEMBL406,CC1Cc2ccccc2N1NC(=O)c1ccc(Cl)c(S(N)(=O)=O)c1,-2.7061218597784014,0.2421016515629284
ETONOGESTREL,CHEMBL1531,C#C[C@]1(O)CC[C@H]2[C@@H]3CCC4=CC(=O)CC[C@@H]4[C@H]3C(=C)C[C@@]21CC,-2.704295822297312,0.165472580729338
BORTEZOMIB,CHEMBL325041,CC(C)C[C@H](NC(=O)[C@H](Cc1ccccc1)NC(=O)c1cnccn1)B(O)O,-2.6966479947455886,0.2620436568054652
FINAFLOXACIN,CHEMBL1908370,N#Cc1c(N2C[C@@H]3NCCO[C@H]3C2)c(F)cc2c(=O)c(C(=O)O)cn(C3CC3)c12,-2.693582890655296,0.3962342017358916
FIPEXIDE,CHEMBL254857,O=C(COc1ccc(Cl)cc1)N1CCN(Cc2ccc3c(c2)OCO3)CC1,-2.6913334497070083,0.2440934687078139
CEPHALORIDINE,CHEMBL316157,O=C(Cc1cccs1)N[C@@H]1C(=O)N2C(C(=O)[O-])=C(C[n+]3ccccc3)CS[C@H]12,-2.682014829831076,0.2797455311899545
NISOLDIPINE,CHEMBL1726,COC(=O)C1=C(C)NC(C)=C(C(=O)OCC(C)C)C1c1ccccc1[N+](=O)[O-],-2.6789759042757195,0.2741341883690479
DEXTROMORAMIDE,CHEMBL3833389,C[C@@H](CC(C(=O)N1CCCC1)(c1ccccc1)c1ccccc1)N1CCOCC1,-2.6682384683788394,0.23487876340648
FESOTERODINE,CHEMBL1201764,CC(C)C(=O)Oc1ccc(CO)cc1[C@H](CCN(C(C)C)C(C)C)c1ccccc1,-2.665945161827472,0.3025033602777131
CHLORAMPHENICOL SUCCINIC ACID,CHEMBL1201281,O=C(O)CCC(=O)OC[C@@H](NC(=O)C(Cl)Cl)[C@H](O)c1ccc([N+](=O)[O-])cc1,-2.657806130195987,0.3208764832238149
SULFINPYRAZONE,CHEMBL832,O=C1C(CC[S+]([O-])c2ccccc2)C(=O)N(c2ccccc2)N1c1ccccc1,-2.6513305509543947,0.3412010095899734
PROPIVERINE,CHEMBL1078261,CCCOC(C(=O)OC1CCN(C)CC1)(c1ccccc1)c1ccccc1,-2.650973313245083,0.2559514022939577
IMIDAPRIL,CHEMBL317094,CCOC(=O)[C@H](CCc1ccccc1)N[C@@H](C)C(=O)N1C(=O)N(C)C[C@H]1C(=O)O,-2.638254327594468,0.2477226294720847
INDORAMIN,CHEMBL279516,O=C(NC1CCN(CCc2c[nH]c3ccccc23)CC1)c1ccccc1,-2.6361276041856554,0.3223079873265579
TRIMETHOBENZAMIDE,CHEMBL1201256,COc1cc(C(=O)NCc2ccc(OCCN(C)C)cc2)cc(OC)c1OC,-2.634534092293935,0.1981855813974765
UNOPROSTONE ISOPROPYL,CHEMBL1200661,CCCCCCCC(=O)CC[C@@H]1[C@@H](C/C=C\CCCC(=O)OC(C)C)[C@@H](O)C[C@H]1O,-2.633019803091853,0.2464750871607184
DONEPEZIL,CHEMBL502,COc1cc2c(cc1OC)C(=O)C(CC1CCN(Cc3ccccc3)CC1)C2,-2.631575362987792,0.2456281965379588
PERINDOPRIL,CHEMBL1581,CCC[C@H](N[C@@H](C)C(=O)N1[C@H](C(=O)O)C[C@@H]2CCCC[C@@H]21)C(=O)OCC,-2.630214004976001,0.2206536149641879
BENZBROMARONE,CHEMBL388590,CCc1oc2ccccc2c1C(=O)c1cc(Br)c(O)c(Br)c1,-2.6290982670630587,0.2554901007803282
METHYLNALTREXONE,CHEMBL1186579,C[N+]1(CC2CC2)CC[C@]23c4c5ccc(O)c4O[C@H]2C(=O)CC[C@@]3(O)[C@H]1C5,-2.6237704064641063,0.2028456053268707
MEBEVERINE,CHEMBL282121,CCN(CCCCOC(=O)c1ccc(OC)c(OC)c1)C(C)Cc1ccc(OC)cc1,-2.618539017457872,0.2408178899984298
AMOPROXAN,CHEMBL2104537,COc1cc(C(=O)OC(COCCC(C)C)CN2CCOCC2)cc(OC)c1OC,-2.6063340413274414,0.2180750642714845
PONESIMOD,CHEMBL1096146,CCC/N=C1\S/C(=C\c2ccc(OC[C@H](O)CO)c(Cl)c2)C(=O)N1c1ccccc1C,-2.6040829160188004,0.2956712736443389
GEMEPROST,CHEMBL1908315,CCCCC(C)(C)[C@H](O)/C=C/[C@H]1[C@H](O)CC(=O)[C@@H]1CCCC/C=C/C(=O)OC,-2.6034690274166974,0.2736789278762443
CEPHALOTHIN,CHEMBL617,CC(=O)OCC1=C(C(=O)O)N2C(=O)[C@@H](NC(=O)Cc3cccs3)[C@H]2SC1,-2.5976202116077665,0.2874356324110796
SITAGLIPTIN,CHEMBL1422,N[C@@H](CC(=O)N1CCn2c(nnc2C(F)(F)F)C1)Cc1cc(F)c(F)cc1F,-2.5974635684514324,0.3064091084649034
TIOTROPIUM,CHEMBL1900528,C[N+]1(C)[C@@H]2C[C@@H](OC(=O)C(O)(c3cccs3)c3cccs3)C[C@H]1[C@@H]1O[C@@H]12,-2.5958757587819457,0.2429648007733139
NORETHINDRONE,CHEMBL1162,C#C[C@]1(O)CC[C@H]2[C@@H]3CCC4=CC(=O)CC[C@@H]4[C@H]3CC[C@@]21C,-2.5956884248727383,0.1673476093533919
OLAPARIB,CHEMBL521686,O=C(c1cc(Cc2n[nH]c(=O)c3ccccc23)ccc1F)N1CCN(C(=O)C2CC2)CC1,-2.592569192081299,0.2955878902925814
CYCLACILLIN,CHEMBL1200356,CC1(C)S[C@@H]2[C@H](NC(=O)C3(N)CCCCC3)C(=O)N2[C@H]1C(=O)O,-2.5898696225058213,0.2216539710123067
VINCAMINE,CHEMBL1165342,CC[C@]12CCCN3CCc4c(n(c5ccccc45)[C@@](O)(C(=O)OC)C1)[C@@H]32,-2.58640379690085,0.2408591793679273
BESIFLOXACIN,CHEMBL1201760,N[C@@H]1CCCCN(c2c(F)cc3c(=O)c(C(=O)O)cn(C4CC4)c3c2Cl)C1,-2.5842113923625987,0.3384203364017143
TAFLUPROST,CHEMBL1963683,CC(C)OC(=O)CCC/C=C\C[C@@H]1[C@@H](/C=C/C(F)(F)COc2ccccc2)[C@H](O)C[C@@H]1O,-2.583612284462258,0.2706582502988462
MOFEZOLAC,CHEMBL259972,COc1ccc(-c2noc(CC(=O)O)c2-c2ccc(OC)cc2)cc1,-2.582329273835943,0.2659052406871509
VINPOCETINE,CHEMBL71752,CCOC(=O)C1=C[C@]2(CC)CCCN3CCc4c(n1c1ccccc41)[C@@H]32,-2.574488416602478,0.2199455069646854
METHANDROSTENOLONE,CHEMBL1418176,C[C@]12C=CC(=O)C=C1CC[C@@H]1[C@@H]2CC[C@@]2(C)[C@H]1CC[C@]2(C)O,-2.5715576101111317,0.1659816248686871
REMIFENTANIL,CHEMBL1005,CCC(=O)N(c1ccccc1)C1(C(=O)OC)CCN(CCC(=O)OC)CC1,-2.5686800088197126,0.2575153786372243
ACRIVASTINE,CHEMBL1224,Cc1ccc(/C(=C\CN2CCCC2)c2cccc(/C=C/C(=O)O)n2)cc1,-2.563669029550147,0.261701177229925
ALITRETINOIN,CHEMBL705,CC1=C(/C=C/C(C)=C\C=C\C(C)=C\C(=O)O)C(C)(C)CCC1,-2.556791851220426,0.2406930732676767
ISOTRETINOIN,CHEMBL547,CC1=C(/C=C/C(C)=C/C=C/C(C)=C\C(=O)O)C(C)(C)CCC1,-2.556791851220426,0.2406930732676767
TRETINOIN,CHEMBL38,CC1=C(/C=C/C(C)=C/C=C/C(C)=C/C(=O)O)C(C)(C)CCC1,-2.556791851220426,0.2406930732676767
SAMIDORPHAN,CHEMBL426084,NC(=O)c1ccc2c(c1O)[C@]13CCN(CC4CC4)[C@H](C2)[C@]1(O)CCC(=O)C3,-2.552863313812644,0.2504872829117213
SPECTINOMYCIN,CHEMBL1167,CN[C@@H]1[C@H](O)[C@H](NC)[C@H]2O[C@@]3(O)C(=O)C[C@@H](C)O[C@H]3O[C@@H]2[C@H]1O,-2.5492434959216714,0.1897586963719834
REPAGLINIDE,CHEMBL1272,CCOc1cc(CC(=O)N[C@@H](CC(C)C)c2ccccc2N2CCCCC2)ccc1C(=O)O,-2.5429051480304725,0.3265785051931522
EXEMESTANE,CHEMBL1200374,C=C1C[C@@H]2[C@H](CC[C@]3(C)C(=O)CC[C@@H]23)[C@@]2(C)C=CC(=O)C=C12,-2.5367490908095247,0.1672561817601663
NORETHYNODREL,CHEMBL1387,C#C[C@]1(O)CC[C@H]2[C@@H]3CCC4=C(CCC(=O)C4)[C@H]3CC[C@@]21C,-2.5367268116696216,0.1742744568828917
MEROPENEM,CHEMBL127,C[C@@H](O)[C@H]1C(=O)N2C(C(=O)O)=C(S[C@@H]3CN[C@H](C(=O)N(C)C)C3)[C@H](C)[C@H]12,-2.5361680358581697,0.2792495278283392
ELIGLUSTAT,CHEMBL2110588,CCCCCCCC(=O)N[C@H](CN1CCCC1)[C@H](O)c1ccc2c(c1)OCCO2,-2.532370848796792,0.2140041858223762
ARIPIPRAZOLE,CHEMBL1112,O=C1CCc2ccc(OCCCCN3CCN(c4cccc(Cl)c4Cl)CC3)cc2N1,-2.5321115883378567,0.2705619937395688
SELADELPAR,CHEMBL230158,CCO[C@H](COc1ccc(C(F)(F)F)cc1)CSc1ccc(OCC(=O)O)c(C)c1,-2.5305985783287444,0.3192494486170645
PIMAVANSERIN,CHEMBL2111101,CC(C)COc1ccc(CNC(=O)N(Cc2ccc(F)cc2)C2CCN(C)CC2)cc1,-2.5298387955599746,0.1807307537672016
SULOPENEM ETZADROXIL,CHEMBL4594246,CCC(CC)C(=O)OCOC(=O)C1=C(S[C@H]2CC[S+]([O-])C2)S[C@@H]2[C@@H]([C@@H](C)O)C(=O)N12,-2.521099106909171,0.2556382402325932
TESTOLACTONE,CHEMBL1571,C[C@]12C=CC(=O)C=C1CC[C@@H]1[C@@H]2CC[C@]2(C)OC(=O)CC[C@@H]12,-2.5124096560254103,0.1549919787881854
TROFINETIDE,CHEMBL197084,C[C@@]1(C(=O)N[C@@H](CCC(=O)O)C(=O)O)CCCN1C(=O)CN,-2.512167694822355,0.206455314418283
RANOLAZINE,CHEMBL1404,COc1ccccc1OCC(O)CN1CCN(CC(=O)Nc2c(C)cccc2C)CC1,-2.511693124181669,0.2466869514738002
GOSOGLIPTIN,CHEMBL515387,O=C([C@@H]1C[C@H](N2CCN(c3ncccn3)CC2)CN1)N1CCC(F)(F)C1,-2.5107424730086927,0.2447984543802856
SILODOSIN,CHEMBL24778,C[C@H](Cc1cc2c(c(C(N)=O)c1)N(CCCO)CC2)NCCOc1ccccc1OCC(F)(F)F,-2.5077704696269483,0.285346389374318
PRASUGREL,CHEMBL1201772,CC(=O)Oc1cc2c(s1)CCN(C(C(=O)C1CC1)c1ccccc1F)C2,-2.505584268201524,0.26001564923838
TIBOLONE,CHEMBL2103774,C#C[C@]1(O)CC[C@H]2[C@@H]3[C@H](C)CC4=C(CCC(=O)C4)[C@H]3CC[C@@]21C,-2.501658118810536,0.1709874460886578
ESZOPICLONE,CHEMBL1522,CN1CCN(C(=O)O[C@H]2c3nccnc3C(=O)N2c2ccc(Cl)cn2)CC1,-2.498282351076344,0.2215338495046025
ZOPICLONE,CHEMBL135400,CN1CCN(C(=O)OC2c3nccnc3C(=O)N2c2ccc(Cl)cn2)CC1,-2.498282351076344,0.2215338495046025
TADALAFIL,CHEMBL779,CN1CC(=O)N2[C@H](c3ccc4c(c3)OCO4)c3[nH]c4ccccc4c3C[C@@H]2C1=O,-2.4976298960025693,0.2547909327325424
BIMATOPROST,CHEMBL1200963,CCNC(=O)CCC/C=C\C[C@@H]1[C@@H](/C=C/[C@@H](O)CCc2ccccc2)[C@H](O)C[C@@H]1O,-2.4882144631956287,0.2405348431860099
FLURAZEPAM,CHEMBL968,CCN(CC)CCN1C(=O)CN=C(c2ccccc2F)c2cc(Cl)ccc21,-2.488120126349364,0.2571886379819748
LATANOPROST,CHEMBL1051,CC(C)OC(=O)CCC/C=C\C[C@@H]1[C@@H](CC[C@@H](O)CCc2ccccc2)[C@H](O)C[C@@H]1O,-2.4878890457196103,0.2664272268684992
CERIVASTATIN,CHEMBL1477,COCc1c(C(C)C)nc(C(C)C)c(/C=C/[C@@H](O)C[C@@H](O)CC(=O)O)c1-c1ccc(F)cc1,-2.480426422939972,0.2630961281212159
TIAGABINE,CHEMBL1027,Cc1ccsc1C(=CCCN1CCC[C@@H](C(=O)O)C1)c1sccc1C,-2.480382938661853,0.2312274941014595
REPOTRECTINIB,CHEMBL4298138,C[C@H]1CNC(=O)c2cnn3ccc(nc23)N[C@H](C)c2cc(F)ccc2O1,-2.479545984096706,0.2414304498591679
BALSALAZIDE,CHEMBL1201346,O=C(O)CCNC(=O)c1ccc(/N=N/c2ccc(O)c(C(=O)O)c2)cc1,-2.478927119321672,0.3562287165835486
ENCAINIDE,CHEMBL315838,COc1ccc(C(=O)Nc2ccccc2CCC2CCCCN2C)cc1,-2.472561425168308,0.2449325764647983
METHYLTESTOSTERONE,CHEMBL1395,C[C@]12CCC(=O)C=C1CC[C@@H]1[C@@H]2CC[C@@]2(C)[C@H]1CC[C@]2(C)O,-2.465808103695624,0.1739220212861157
TENELIGLIPTIN,CHEMBL2147777,Cc1cc(N2CCN([C@@H]3CN[C@H](C(=O)N4CCSC4)C3)CC2)n(-c2ccccc2)n1,-2.460317340457565,0.2650381076013092
ETRASIMOD,CHEMBL3358920,O=C(O)C[C@H]1CCc2c1[nH]c1ccc(OCc3ccc(C4CCCC4)c(C(F)(F)F)c3)cc21,-2.455206478702648,0.3212992528687151
ELAFIBRANOR,CHEMBL3707395,CSc1ccc(C(=O)/C=C/c2cc(C)c(OC(C)(C)C(=O)O)c(C)c2)cc1,-2.45384114081306,0.2763415315824223
NOSCAPINE,CHEMBL364713,COc1ccc2c(c1OC)C(=O)O[C@@H]2[C@H]1c2c(cc3c(c2OC)OCO3)CCN1C,-2.452881200753447,0.2575640163738272
MYCOPHENOLATE MOFETIL,CHEMBL1456,COc1c(C)c2c(c(O)c1C/C=C(\C)CCC(=O)OCCN1CCOCC1)C(=O)OC2,-2.4502184263904216,0.23742790955675
PHENOTHRIN,CHEMBL1322884,CC(C)=CC1C(C(=O)OCc2cccc(Oc3ccccc3)c2)C1(C)C,-2.43569208182894,0.280046481564629
INDOMETHACIN,CHEMBL6,COc1ccc2c(c1)c(CC(=O)O)c(C)n2C(=O)c1ccc(Cl)cc1,-2.434065136149949,0.2639188188805779
CEFAMANDOLE,CHEMBL1146,Cn1nnnc1SCC1=C(C(=O)O)N2C(=O)[C@@H](NC(=O)[C@H](O)c3ccccc3)[C@H]2SC1,-2.4257601410907093,0.3176551833523234
DOCUSATE,CHEMBL1477036,CCCCC(CC)COC(=O)CC(C(=O)OCC(CC)CCCC)S(=O)(=O)O,-2.4250047902013208,0.1995623667846319
DIENOGEST,CHEMBL1201864,C[C@]12CCC3=C4CCC(=O)C=C4CC[C@H]3[C@@H]1CC[C@@]2(O)CC#N,-2.423745771342868,0.1660000758746
DILTIAZEM,CHEMBL23,COc1ccc([C@@H]2Sc3ccccc3N(CCN(C)C)C(=O)[C@@H]2OC(C)=O)cc1,-2.4234578051243614,0.2141958610576438
SUXIBUZONE,CHEMBL1414320,CCCCC1(COC(=O)CCC(=O)O)C(=O)N(c2ccccc2)N(c2ccccc2)C1=O,-2.422356691472677,0.3031125073559053
MITOMYCIN,CHEMBL105,CO[C@@]12[C@H](COC(N)=O)C3=C(C(=O)C(C)=C(N)C3=O)N1C[C@@H]1N[C@@H]12,-2.417917736860167,0.2523651946222628
DAPRODUSTAT,CHEMBL3544988,O=C(O)CNC(=O)C1C(=O)N(C2CCCCC2)C(=O)N(C2CCCCC2)C1=O,-2.41780605682955,0.2538009600356808
CINEPAZIDE,CHEMBL1874750,COc1cc(/C=C/C(=O)N2CCN(CC(=O)N3CCCC3)CC2)cc(OC)c1OC,-2.4173539472304024,0.2047164934759807
BISACODYL,CHEMBL942,CC(=O)Oc1ccc(C(c2ccc(OC(C)=O)cc2)c2ccccn2)cc1,-2.4115466080845827,0.2646585294071656
RAMATROBAN,CHEMBL361812,O=C(O)CCn1c2c(c3ccccc31)C[C@H](NS(=O)(=O)c1ccc(F)cc1)CC2,-2.410835157165355,0.2981342473854181
TESTOSTERONE,CHEMBL386630,C[C@]12CC[C@H]3[C@@H](CCC4=CC(=O)CC[C@@]43C)[C@@H]1CC[C@@H]2O,-2.410521977212335,0.2014810555287353
ESTRONE SULFURIC ACID,CHEMBL494753,C[C@]12CC[C@@H]3c4ccc(OS(=O)(=O)O)cc4CC[C@H]3[C@@H]1CCC2=O,-2.409858135869296,0.1599821120087702
GATIFLOXACIN,CHEMBL31,COc1c(N2CCNC(C)C2)c(F)cc2c(=O)c(C(=O)O)cn(C3CC3)c12,-2.379965334117426,0.3298667022232099
SERTINDOLE,CHEMBL12713,O=C1NCCN1CCN1CCC(c2cn(-c3ccc(F)cc3)c3ccc(Cl)cc23)CC1,-2.377310776344904,0.2776670906347865
COLCHICINE,CHEMBL107,COc1cc2c(c(OC)c1OC)-c1ccc(OC)c(=O)cc1[C@@H](NC(C)=O)CC2,-2.374189250037947,0.232157419085685
CEFAMANDOLE NAFATE FREE BASE,CHEMBL1201218,Cn1nnnc1SCC1=C(C(=O)O)N2C(=O)[C@@H](NC(=O)[C@H](OC=O)c3ccccc3)[C@H]2SC1,-2.373387708966812,0.3242210334271709
MOXIFLOXACIN,CHEMBL32,COc1c(N2C[C@@H]3CCCN[C@@H]3C2)c(F)cc2c(=O)c(C(=O)O)cn(C3CC3)c12,-2.372236497186892,0.3520603702268036
CLOMETACIN,CHEMBL13376,COc1ccc2c(C(=O)c3ccc(Cl)cc3)c(C)n(CC(=O)O)c2c1,-2.3710534319956227,0.2612441143545138
LORATADINE,CHEMBL998,CCOC(=O)N1CCC(=C2c3ccc(Cl)cc3CCc3cccnc32)CC1,-2.369459692901013,0.2143487559824994
ACLIDINIUM,CHEMBL1194325,O=C(O[C@H]1C[N+]2(CCCOc3ccccc3)CCC1CC2)C(O)(c1cccs1)c1cccs1,-2.369234094501974,0.3260693461954747
CYCLOFENIL,CHEMBL141305,CC(=O)Oc1ccc(C(=C2CCCCC2)c2ccc(OC(C)=O)cc2)cc1,-2.354864040221499,0.2145367604992135
FLUOXYMESTERONE,CHEMBL1445,C[C@]1(O)CC[C@H]2[C@@H]3CCC4=CC(=O)CC[C@]4(C)[C@@]3(F)[C@@H](O)C[C@@]21C,-2.352457911938347,0.1884718893240998
"CEFPROZIL ANHYDROUS, (E)-",CHEMBL276568,C/C=C/C1=C(C(=O)O)N2C(=O)[C@@H](NC(=O)[C@H](N)c3ccc(O)cc3)[C@H]2SC1,-2.3507828084263376,0.2989798623800667
MORICIZINE,CHEMBL1075,CCOC(=O)Nc1ccc2c(c1)N(C(=O)CCN1CCOCC1)c1ccccc1S2,-2.349836971153714,0.2406835576090029
CEFUROXIME,CHEMBL1436,CO/N=C(\C(=O)N[C@@H]1C(=O)N2C(C(=O)O)=C(COC(N)=O)CS[C@H]12)c1ccco1,-2.3493072967847346,0.3086271612549448
CEPHALOGLYCIN,CHEMBL1200971,CC(=O)OCC1=C(C(=O)O)N2C(=O)[C@@H](NC(=O)[C@H](N)c3ccccc3)[C@H]2SC1,-2.347720018855445,0.3067157943612818
TEMAFLOXACIN,CHEMBL277100,CC1CN(c2cc3c(cc2F)c(=O)c(C(=O)O)cn3-c2ccc(F)cc2F)CCN1,-2.347276881981556,0.3437341211227373
ZIPRASIDONE,CHEMBL708,O=C1Cc2cc(CCN3CCN(c4nsc5ccccc45)CC3)c(Cl)cc2N1,-2.345549183224644,0.3264737050353751
LASMIDITAN,CHEMBL3039520,CN1CCC(C(=O)c2cccc(NC(=O)c3c(F)cc(F)cc3F)n2)CC1,-2.3302287994094137,0.2000747265854153
ROXADUSTAT,CHEMBL2338329,Cc1nc(C(=O)NCC(=O)O)c(O)c2ccc(Oc3ccccc3)cc12,-2.3257179876695098,0.2885790720735272
KETANSERIN,CHEMBL51,O=C(c1ccc(F)cc1)C1CCN(CCn2c(=O)[nH]c3ccccc3c2=O)CC1,-2.324399806013434,0.2984848615699537
DEUTIVACAFTOR,CHEMBL4297603,[2H]C([2H])([2H])C(c1cc(C(C)(C)C)c(NC(=O)c2c[nH]c3ccccc3c2=O)cc1O)(C([2H])([2H])[2H])C([2H])([2H])[2H],-2.3217004182076235,0.3193136084986376
IVACAFTOR,CHEMBL2010601,CC(C)(C)c1cc(C(C)(C)C)c(NC(=O)c2c[nH]c3ccccc3c2=O)cc1O,-2.3217004182076235,0.3193136084986376
PRASTERONE,CHEMBL90593,C[C@]12CC[C@H](O)CC1=CC[C@@H]1[C@@H]2CC[C@]2(C)C(=O)CC[C@@H]12,-2.31979977144918,0.1855512509066166
DOXAPRAM,CHEMBL1754,CCN1CC(CCN2CCOCC2)C(c2ccccc2)(c2ccccc2)C1=O,-2.310232863667185,0.2392438775801946
VIBEGRON,CHEMBL2107826,O=C(Nc1ccc(C[C@@H]2CC[C@H]([C@H](O)c3ccccc3)N2)cc1)[C@@H]1CCc2nccc(=O)n21,-2.3086132003534883,0.2671477600000055
ELVITEGRAVIR,CHEMBL204656,COc1cc2c(cc1Cc1cccc(Cl)c1F)c(=O)c(C(=O)O)cn2[C@H](CO)C(C)C,-2.3084337156583663,0.3483600813209823
DROPERIDOL,CHEMBL1108,O=C(CCCN1CC=C(n2c(=O)[nH]c3ccccc32)CC1)c1ccc(F)cc1,-2.308337967260986,0.3234014862417614
BENPERIDOL,CHEMBL297302,O=C(CCCN1CCC(n2c(=O)[nH]c3ccccc32)CC1)c1ccc(F)cc1,-2.2873424298460083,0.3130464202743989
ISRADIPINE,CHEMBL1648,COC(=O)C1=C(C)NC(C)=C(C(=O)OC(C)C)C1c1cccc2nonc12,-2.2852943524715945,0.2431734259166791
NOMEGESTROL,CHEMBL2105722,CC(=O)[C@@]1(O)CC[C@H]2[C@@H]3C=C(C)C4=CC(=O)CC[C@@H]4[C@H]3CC[C@@]21C,-2.2623236301591176,0.1689417727940654
FEZOLINETANT,CHEMBL3608680,Cc1nsc(-c2nnc3n2CCN(C(=O)c2ccc(F)cc2)[C@@H]3C)n1,-2.257956178640338,0.1599601415623205
CEFTIZOXIME,CHEMBL528,CO/N=C(\C(=O)N[C@@H]1C(=O)N2C(C(=O)O)=CCS[C@H]12)c1csc(N)n1,-2.252297561976848,0.2789758749419802
CABERGOLINE,CHEMBL1201087,C=CCN1C[C@H](C(=O)N(CCCN(C)C)C(=O)NCC)C[C@@H]2c3cccc4[nH]cc(c34)C[C@H]21,-2.247385330517029,0.249609435734632
CABOTEGRAVIR,CHEMBL2403238,C[C@H]1CO[C@@H]2Cn3cc(C(=O)NCc4ccc(F)cc4F)c(=O)c(O)c3C(=O)N12,-2.2448461871710714,0.2458043063121971
OLODATEROL,CHEMBL605846,COc1ccc(CC(C)(C)NC[C@H](O)c2cc(O)cc3c2OCC(=O)N3)cc1,-2.24092333939909,0.2158647300547258
AZTREONAM,CHEMBL158,C[C@H]1[C@H](NC(=O)/C(=N\OC(C)(C)C(=O)O)c2csc(N)n2)C(=O)N1S(=O)(=O)O,-2.238924440825777,0.2768890593580314
CEPHAPIRIN,CHEMBL1599,CC(=O)OCC1=C(C(=O)O)N2C(=O)[C@@H](NC(=O)CSc3ccncc3)[C@H]2SC1,-2.238551854880245,0.2742904258251085
CEFMETAZOLE,CHEMBL1201195,CO[C@@]1(NC(=O)CSCC#N)C(=O)N2C(C(=O)O)=C(CSc3nnnn3C)CS[C@@H]21,-2.2350300774099763,0.2990202679687001
QUINAPRIL,CHEMBL1592,CCOC(=O)[C@H](CCc1ccccc1)N[C@@H](C)C(=O)N1Cc2ccccc2C[C@H]1C(=O)O,-2.229480579195539,0.2378246931654918
OXYMETHOLONE,CHEMBL1200585,C[C@]12C/C(=C/O)C(=O)C[C@@H]1CC[C@@H]1[C@@H]2CC[C@@]2(C)[C@H]1CC[C@]2(C)O,-2.2286540392460026,0.175275136185616
IVABRADINE,CHEMBL471737,COc1cc2c(cc1OC)CC(=O)N(CCCN(C)C[C@H]1Cc3cc(OC)c(OC)cc31)CC2,-2.2242485972384816,0.2188429748783792
CANRENONE,CHEMBL1463345,C[C@]12CCC(=O)C=C1C=C[C@@H]1[C@@H]2CC[C@@]2(C)[C@H]1CC[C@@]21CCC(=O)O1,-2.2235275347705614,0.1828473128382006
BICTEGRAVIR,CHEMBL3989866,O=C(NCc1c(F)cc(F)cc1F)c1cn2c(c(O)c1=O)C(=O)N1[C@H]3CC[C@H](C3)O[C@@H]1C2,-2.2230724384206404,0.2521802754475623
ORLISTAT,CHEMBL175247,CCCCCCCCCCC[C@@H](C[C@@H]1OC(=O)[C@H]1CCCCCC)OC(=O)[C@H](CC(C)C)NC=O,-2.2224454366863164,0.2340829993185945
HETACILLIN,CHEMBL1201116,CC1(C)S[C@@H]2[C@H](N3C(=O)[C@@H](c4ccccc4)NC3(C)C)C(=O)N2[C@H]1C(=O)O,-2.21879353727979,0.2919231914178766
UPADACITINIB,CHEMBL3622821,CC[C@@H]1CN(C(=O)NCC(F)(F)F)C[C@@H]1c1cnc2cnc3[nH]ccc3n12,-2.218653164318328,0.2447500411614068
DOLUTEGRAVIR,CHEMBL1229211,C[C@@H]1CCO[C@H]2Cn3cc(C(=O)NCc4ccc(F)cc4F)c(=O)c(O)c3C(=O)N12,-2.2105924491143805,0.240697148264826
CILAZAPRIL,CHEMBL515606,CCOC(=O)[C@H](CCc1ccccc1)N[C@H]1CCCN2CCC[C@@H](C(=O)O)N2C1=O,-2.2085267675983764,0.2574950980272499
TROVAFLOXACIN,CHEMBL428,N[C@@H]1[C@H]2CN(c3nc4c(cc3F)c(=O)c(C(=O)O)cn4-c3ccc(F)cc3F)C[C@@H]12,-2.20498922773012,0.3532141396225017
ROSUVASTATIN,CHEMBL1496,CC(C)c1nc(N(C)S(C)(=O)=O)nc(-c2ccc(F)cc2)c1/C=C/[C@@H](O)C[C@@H](O)CC(=O)O,-2.201049216233004,0.252996624781757
MITOXANTRONE,CHEMBL58,O=C1c2c(O)ccc(O)c2C(=O)c2c(NCCNCCO)ccc(NCCNCCO)c21,-2.200653999359389,0.251631928670515
CILOSTAZOL,CHEMBL799,O=C1CCc2cc(OCCCCc3nnnn3C3CCCCC3)ccc2N1,-2.1958846346486838,0.2458748606836284
VILAZODONE,CHEMBL439849,N#Cc1ccc2[nH]cc(CCCCN3CCN(c4ccc5oc(C(N)=O)cc5c4)CC3)c2c1,-2.19510230116474,0.3038899440139203
DYDROGESTERONE,CHEMBL1200853,CC(=O)[C@H]1CC[C@H]2[C@@H]3C=CC4=CC(=O)CC[C@@]4(C)[C@@H]3CC[C@]12C,-2.1871492529353462,0.1681433452166948
NIMODIPINE,CHEMBL1428,COCCOC(=O)C1=C(C)NC(C)=C(C(=O)OC(C)C)C1c1cccc([N+](=O)[O-])c1,-2.1794999910954904,0.2590482122790889
CEFDINIR,CHEMBL927,C=CC1=C(C(=O)O)N2C(=O)[C@@H](NC(=O)/C(=N\O)c3csc(N)n3)[C@H]2SC1,-2.177626678072182,0.3114243193168045
DARIFENACIN,CHEMBL1346,NC(=O)C(c1ccccc1)(c1ccccc1)[C@@H]1CCN(CCc2ccc3c(c2)CCO3)C1,-2.175118505027919,0.271319407273913
ANILERIDINE,CHEMBL1201347,CCOC(=O)C1(c2ccccc2)CCN(CCc2ccc(N)cc2)CC1,-2.174830528044939,0.2110006607049503
TIRBANIBULIN,CHEMBL571546,O=C(Cc1ccc(-c2ccc(OCCN3CCOCC3)cc2)cn1)NCc1ccccc1,-2.171060822236984,0.2614615346802388
ROFLUMILAST,CHEMBL193240,O=C(Nc1c(Cl)cncc1Cl)c1ccc(OC(F)F)c(OCC2CC2)c1,-2.1693686283573235,0.2601281837419761
OXANDROLONE,CHEMBL1200436,C[C@]12COC(=O)C[C@@H]1CC[C@@H]1[C@@H]2CC[C@@]2(C)[C@H]1CC[C@]2(C)O,-2.161462972514968,0.1904963044700366
BENAZEPRIL,CHEMBL838,CCOC(=O)[C@H](CCc1ccccc1)N[C@H]1CCc2ccccc2N(CC(=O)O)C1=O,-2.1598502832382653,0.254967450006857
LENIOLISIB,CHEMBL3643413,CCC(=O)N1CC[C@H](Nc2ncnc3c2CN(c2cnc(OC)c(C(F)(F)F)c2)CC3)C1,-2.1551337713726864,0.2213730409771349
SPARFLOXACIN,CHEMBL850,C[C@@H]1CN(c2c(F)c(N)c3c(=O)c(C(=O)O)cn(C4CC4)c3c2F)C[C@H](C)N1,-2.155048497972872,0.3197132390395247
REGORAFENIB,CHEMBL1946170,CNC(=O)c1cc(Oc2ccc(NC(=O)Nc3ccc(Cl)c(C(F)(F)F)c3)c(F)c2)ccn1,-2.1531762195091697,0.2684798883475578
ACETOPHENAZINE,CHEMBL1085,CC(=O)c1ccc2c(c1)N(CCCN1CCN(CCO)CC1)c1ccccc1S2,-2.152561028258519,0.2340270675050727
AMOXICILLIN,CHEMBL1082,CC1(C)S[C@@H]2[C@H](NC(=O)[C@H](N)c3ccc(O)cc3)C(=O)N2[C@H]1C(=O)O,-2.151164285560208,0.2434027386138679
MACIMORELIN,CHEMBL278623,CC(C)(N)C(=O)N[C@H](Cc1c[nH]c2ccccc12)C(=O)N[C@H](Cc1c[nH]c2ccccc12)NC=O,-2.148353485442989,0.3353639108817
INDIGOTINDISULFONATE,CHEMBL1091250,O=C1/C(=C2\Nc3ccc(S(=O)(=O)O)cc3C2=O)Nc2ccc(S(=O)(=O)O)cc21,-2.147986041957125,0.2736993842523375
DACOMITINIB ANHYDROUS,CHEMBL2110732,COc1cc2ncnc(Nc3ccc(F)c(Cl)c3)c2cc1NC(=O)/C=C/CN1CCCCC1,-2.145331314336317,0.2621272307185744
AXITINIB,CHEMBL1289926,CNC(=O)c1ccccc1Sc1ccc2c(/C=C/c3ccccn3)n[nH]c2c1,-2.139800502835642,0.3176936941047653
PROGESTERONE,CHEMBL103,CC(=O)[C@H]1CC[C@H]2[C@@H]3CCC4=CC(=O)CC[C@]4(C)[C@H]3CC[C@]12C,-2.1391553280288536,0.1786994661850881
VAMOROLONE,CHEMBL2348780,C[C@@H]1C[C@H]2[C@@H]3CCC4=CC(=O)C=C[C@]4(C)C3=CC[C@]2(C)[C@@]1(O)C(=O)CO,-2.137370637282205,0.1896249953031735
EZETIMIBE,CHEMBL1138,O=C1[C@H](CC[C@H](O)c2ccc(F)cc2)[C@@H](c2ccc(O)cc2)N1c1ccc(F)cc1,-2.1283765742507152,0.2503238284429085
LURASIDONE,CHEMBL1237021,O=C1[C@@H]2[C@H]3CC[C@H](C3)[C@@H]2C(=O)N1C[C@@H]1CCCC[C@H]1CN1CCN(c2nsc3ccccc23)CC1,-2.127814308165395,0.2512945280308088
CEFAZOLIN,CHEMBL1435,Cc1nnc(SCC2=C(C(=O)O)N3C(=O)[C@@H](NC(=O)Cn4cnnn4)[C@H]3SC2)s1,-2.126289653262743,0.2720747082154601
TECOVIRIMAT,CHEMBL1257073,O=C(NN1C(=O)[C@@H]2[C@@H]3C=C[C@@H]([C@H]4C[C@@H]34)[C@@H]2C1=O)c1ccc(C(F)(F)F)cc1,-2.125925531914402,0.2273442288548013
MOEXIPRIL,CHEMBL1165,CCOC(=O)[C@H](CCc1ccccc1)N[C@@H](C)C(=O)N1Cc2cc(OC)c(OC)cc2C[C@H]1C(=O)O,-2.118878285557622,0.2534502625029756
CARPHENAZINE,CHEMBL1201328,CCC(=O)c1ccc2c(c1)N(CCCN1CCN(CCO)CC1)c1ccccc1S2,-2.1177173075163505,0.2329393587875009
VALSARTAN,CHEMBL1069,CCCCC(=O)N(Cc1ccc(-c2ccccc2-c2nnn[nH]2)cc1)[C@H](C(=O)O)C(C)C,-2.1154888113161205,0.2910062122416121
HALOPERIDOL,CHEMBL54,O=C(CCCN1CCC(O)(c2ccc(Cl)cc2)CC1)c1ccc(F)cc1,-2.1137354499420047,0.249677036912752
LENVATINIB,CHEMBL1289601,COc1cc2nccc(Oc3ccc(NC(=O)NC4CC4)c(Cl)c3)c2cc1C(N)=O,-2.113714256337277,0.265536105841364
SORAFENIB,CHEMBL1336,CNC(=O)c1cc(Oc2ccc(NC(=O)Nc3ccc(Cl)c(C(F)(F)F)c3)cc2)ccn1,-2.1124973184556914,0.2405097974152564
TREPROSTINIL,CHEMBL1237119,CCCCC[C@H](O)CC[C@@H]1[C@H]2Cc3cccc(OCC(=O)O)c3C[C@H]2C[C@H]1O,-2.1108456667075277,0.2983834483548979
CEFIXIME,CHEMBL1541,C=CC1=C(C(=O)O)N2C(=O)[C@@H](NC(=O)/C(=N\OCC(=O)O)c3csc(N)n3)[C@H]2SC1,-2.110078236371007,0.3360600545288174
PERMETHRIN,CHEMBL1525,CC1(C)C(C=C(Cl)Cl)C1C(=O)OCc1cccc(Oc2ccccc2)c1,-2.109330617266851,0.2876287029173184
ZANUBRUTINIB,CHEMBL3936761,C=CC(=O)N1CCC([C@@H]2CCNc3c(C(N)=O)c(-c4ccc(Oc5ccccc5)cc4)nn32)CC1,-2.0971469431381533,0.2696881540728054
PODOFILOX,CHEMBL61,COc1cc([C@@H]2c3cc4c(cc3[C@H](O)[C@H]3COC(=O)[C@H]23)OCO4)cc(OC)c1OC,-2.09677371289913,0.2119152613859556
METHICILLIN,CHEMBL575,COc1cccc(OC)c1C(=O)N[C@@H]1C(=O)N2[C@@H]1SC(C)(C)[C@@H]2C(=O)O,-2.081814224980761,0.2691037775764883
CEFOXITIN,CHEMBL996,CO[C@@]1(NC(=O)Cc2cccs2)C(=O)N2C(C(=O)O)=C(COC(N)=O)CS[C@@H]21,-2.076500677444207,0.2840489303589968
PIPERACETAZINE,CHEMBL1584,CC(=O)c1ccc2c(c1)N(CCCN1CCC(CCO)CC1)c1ccccc1S2,-2.0723436582486894,0.2426225186904495
GLASDEGIB,CHEMBL2043437,CN1CC[C@@H](NC(=O)Nc2ccc(C#N)cc2)C[C@@H]1c1nc2ccccc2[nH]1,-2.064728042522228,0.2088361253542729
RAMIPRIL,CHEMBL1168,CCOC(=O)[C@H](CCc1ccccc1)N[C@@H](C)C(=O)N1[C@H](C(=O)O)C[C@@H]2CCC[C@@H]21,-2.0607984373961816,0.2285578677862415
TRANDOLAPRIL,CHEMBL1519,CCOC(=O)[C@H](CCc1ccccc1)N[C@@H](C)C(=O)N1[C@H](C(=O)O)C[C@H]2CCCC[C@@H]21,-2.0607984373961816,0.2278584866304845
FLUVASTATIN,CHEMBL2220442,CC(C)n1c(/C=C/C(O)CC(O)CC(=O)O)c(-c2ccc(F)cc2)c2ccccc21,-2.059172376845481,0.2839986028536051
FILGOTINIB,CHEMBL3301607,O=C(Nc1nc2cccc(-c3ccc(CN4CCS(=O)(=O)CC4)cc3)n2n1)C1CC1,-2.0564339315655045,0.2193374938000741
LUMATEPERONE,CHEMBL3306803,CN1CCN2c3c(cccc31)[C@@H]1CN(CCCC(=O)c3ccc(F)cc3)CC[C@@H]12,-2.0556988147067177,0.2113430677334476
MEDROGESTONE,CHEMBL2106825,CC(=O)[C@@]1(C)CC[C@H]2[C@@H]3C=C(C)C4=CC(=O)CC[C@]4(C)[C@H]3CC[C@@]21C,-2.0542083761799725,0.1683580372983684
FINERENONE,CHEMBL2181927,CCOc1ncc(C)c2c1[C@H](c1ccc(C#N)cc1OC)C(C(N)=O)=C(C)N2,-2.052673069947372,0.2489961979045059
ACENOCOUMAROL,CHEMBL397420,CC(=O)CC(c1ccc([N+](=O)[O-])cc1)c1c(O)c2ccccc2oc1=O,-2.0510715313226067,0.2323721483160397
BINIMETINIB,CHEMBL3187723,Cn1cnc2c(F)c(Nc3ccc(Br)cc3F)c(C(=O)NOCCO)cc21,-2.0469135825888416,0.2776970600757521
REMIMAZOLAM,CHEMBL4297526,COC(=O)CC[C@@H]1N=C(c2ccccn2)c2cc(Br)ccc2-n2c(C)cnc21,-2.046438183682377,0.2313082661566403
NEDOCROMIL,CHEMBL746,CCCc1c2oc(C(=O)O)cc(=O)c2cc2c(=O)cc(C(=O)O)n(CC)c12,-2.04573945191525,0.2690695200077502
BENZQUINAMIDE,CHEMBL1201250,CCN(CC)C(=O)C1CN2CCc3cc(OC)c(OC)cc3C2CC1OC(C)=O,-2.0408590990968976,0.1919321329935999
AFATINIB,CHEMBL1173655,CN(C)C/C=C/C(=O)Nc1cc2c(Nc3ccc(F)c(Cl)c3)ncnc2cc1O[C@H]1CCOC1,-2.034573772184185,0.2728025512371448
CROMOLYN,CHEMBL428880,O=C(O)c1cc(=O)c2c(OCC(O)COc3cccc4oc(C(=O)O)cc(=O)c34)cccc2o1,-2.0319430926004407,0.3444544876127697
MIRABEGRON,CHEMBL2095212,Nc1nc(CC(=O)Nc2ccc(CCNC[C@H](O)c3ccccc3)cc2)cs1,-2.025061459693624,0.2487050136714436
TICARCILLIN,CHEMBL1449,CC1(C)S[C@@H]2[C@H](NC(=O)[C@H](C(=O)O)c3ccsc3)C(=O)N2[C@H]1C(=O)O,-2.0172354135804924,0.2261116724838201
VISMODEGIB,CHEMBL473417,CS(=O)(=O)c1ccc(C(=O)Nc2ccc(Cl)c(-c3ccccn3)c2)c(Cl)c1,-2.016715090842835,0.2639547809737741
ALFUZOSIN,CHEMBL709,COc1cc2nc(N(C)CCCNC(=O)C3CCCO3)nc(N)c2cc1OC,-2.01395499683989,0.2202803320943801
SELUMETINIB,CHEMBL1614701,Cn1cnc2c(F)c(Nc3ccc(Br)cc3Cl)c(C(=O)NOCCO)cc21,-2.012096197983651,0.2941852243267018
RIVAROXABAN,CHEMBL198362,O=C(NC[C@H]1CN(c2ccc(N3CCOCC3=O)cc2)C(=O)O1)c1ccc(Cl)s1,-2.011406987275188,0.2506600619346588
TIVOZANIB,CHEMBL1289494,COc1cc2nccc(Oc3ccc(NC(=O)Nc4cc(C)on4)c(Cl)c3)c2cc1OC,-2.0107993451969386,0.2614007923985181
TRIFLUPERIDOL,CHEMBL15023,O=C(CCCN1CCC(O)(c2cccc(C(F)(F)F)c2)CC1)c1ccc(F)cc1,-2.004911333352489,0.2746346997566125
ALFENTANIL,CHEMBL634,CCC(=O)N(c1ccccc1)C1(COC)CCN(CCn2nnn(CC)c2=O)CC1,-2.0041021059265125,0.2166540440306094
OSIMERTINIB,CHEMBL3353410,C=CC(=O)Nc1cc(Nc2nccc(-c3cn(C)c4ccccc34)n2)c(OC)cc1N(C)CCN(C)C,-2.0038358439992723,0.2698436926283427
PITAVASTATIN,CHEMBL1201753,O=C(O)C[C@H](O)C[C@H](O)/C=C/c1c(C2CC2)nc2ccccc2c1-c1ccc(F)cc1,-2.000100467252543,0.2729555331507206
TERAZOSIN,CHEMBL611,COc1cc2nc(N3CCN(C(=O)C4CCCO4)CC3)nc(N)c2cc1OC,-1.9982816772422545,0.192777204898787
RIBOCICLIB,CHEMBL3545110,CN(C)C(=O)c1cc2cnc(Nc3ccc(N4CCNCC4)cn3)nc2n1C1CCCC1,-1.9972873237852529,0.2478536754732517
TAZAROTENE,CHEMBL1657,CCOC(=O)c1ccc(C#Cc2ccc3c(c2)C(C)(C)CCS3)nc1,-1.9924912040782563,0.1769597841809602
BROMPERIDOL,CHEMBL28218,O=C(CCCN1CCC(O)(c2ccc(Br)cc2)CC1)c1ccc(F)cc1,-1.9887956784252516,0.2437835029909432
OZENOXACIN,CHEMBL3990047,CNc1ncc(-c2ccc3c(=O)c(C(=O)O)cn(C4CC4)c3c2C)cc1C,-1.986097485579076,0.2898342754389352
DIFENOXIN,CHEMBL1201321,N#CC(CCN1CCC(C(=O)O)(c2ccccc2)CC1)(c1ccccc1)c1ccccc1,-1.986013220253116,0.3025438057916492
GEMIFLOXACIN,CHEMBL430,CO/N=C1\CN(c2nc3c(cc2F)c(=O)c(C(=O)O)cn3C2CC2)CC1CN,-1.985413141040634,0.317125420436385
NIROGACESTAT,CHEMBL1770916,CCC[C@H](N[C@H]1CCc2cc(F)cc(F)c2C1)C(=O)Nc1cn(C(C)(C)CNCC(C)(C)C)cn1,-1.9760853624538488,0.2065371182327231
PEMAFIBRATE,CHEMBL247951,CC[C@@H](Oc1cccc(CN(CCCOc2ccc(OC)cc2)c2nc3ccccc3o2)c1)C(=O)O,-1.975222170514884,0.2682362827268475
INAVOLISIB,CHEMBL4650215,C[C@H](Nc1ccc2c(c1)OCCn1cc(N3C(=O)OC[C@H]3C(F)F)nc1-2)C(N)=O,-1.974105174559993,0.2194015069613589
MELAGATRAN,CHEMBL266349,N=C(N)c1ccc(CNC(=O)[C@@H]2CCN2C(=O)[C@H](NCC(=O)O)C2CCCCC2)cc1,-1.9714971458770183,0.2510177318598438
AMBRISENTAN,CHEMBL1111,COC(c1ccccc1)(c1ccccc1)[C@H](Oc1nc(C)cc(C)n1)C(=O)O,-1.971431652089766,0.2782830157137823
PIFLUFOLASTAT,CHEMBL4299851,O=C(O)CC[C@H](NC(=O)N[C@@H](CCCCNC(=O)c1ccc(F)nc1)C(=O)O)C(=O)O,-1.9687305286137844,0.2610344730161865
PIFLUFOLASTAT F18,CHEMBL4297334,O=C(O)CC[C@H](NC(=O)N[C@@H](CCCCNC(=O)c1ccc([18F])nc1)C(=O)O)C(=O)O,-1.9687305286137844,0.2610344730161865
CEFPODOXIME,CHEMBL1672,COCC1=C(C(=O)O)N2C(=O)[C@@H](NC(=O)/C(=N\OC)c3csc(N)n3)[C@H]2SC1,-1.9670547308534585,0.28689487180931
GARENOXACIN,CHEMBL215303,C[C@H]1NCc2cc(-c3ccc4c(=O)c(C(=O)O)cn(C5CC5)c4c3OC(F)F)ccc21,-1.962178140770322,0.3481506311773515
BENZGALANTAMINE,CHEMBL5095056,COc1ccc2c3c1O[C@H]1C[C@@H](OC(=O)c4ccccc4)C=C[C@@]31CCN(C)C2,-1.954282068088165,0.2304593987694026
CLINDAMYCIN,CHEMBL1753,CCC[C@@H]1C[C@@H](C(=O)N[C@@H]([C@H]2O[C@H](SC)[C@H](O)[C@@H](O)[C@H]2O)[C@H](C)Cl)N(C)C1,-1.9503024605934127,0.195865414482167
TESTOSTERONE PROPIONATE,CHEMBL1170,CCC(=O)O[C@H]1CC[C@H]2[C@@H]3CCC4=CC(=O)CC[C@]4(C)[C@H]3CC[C@]12C,-1.9448343860264496,0.2093794556552475
METHACYCLINE,CHEMBL249837,C=C1c2cccc(O)c2C(=O)C2=C(O)[C@]3(O)C(=O)C(C(N)=O)=C(O)[C@@H](N(C)C)[C@@H]3[C@@H](O)[C@H]12,-1.9444159712855584,0.2151602691989469
GLYBURIDE,CHEMBL472,COc1ccc(Cl)cc1C(=O)NCCc1ccc(S(=O)(=O)NC(=O)NC2CCCCC2)cc1,-1.9419263843646963,0.24931048972449
CEFOTAXIME,CHEMBL1730,CO/N=C(\C(=O)N[C@@H]1C(=O)N2C(C(=O)O)=C(COC(C)=O)CS[C@H]12)c1csc(N)n1,-1.940097326174939,0.2876566306124481
SUNITINIB,CHEMBL535,CCN(CC)CCNC(=O)c1c(C)[nH]c(/C=C2\C(=O)Nc3ccc(F)cc32)c1C,-1.9387936221697888,0.2781403165253261
TRIACETYLDIPHENOLISATIN,CHEMBL1909288,CC(=O)Oc1ccc(C2(c3ccc(OC(C)=O)cc3)C(=O)N(C(C)=O)c3ccccc32)cc1,-1.936196439735516,0.2583299876838819
OLMUTINIB,CHEMBL3786343,C=CC(=O)Nc1cccc(Oc2nc(Nc3ccc(N4CCN(C)CC4)cc3)nc3ccsc23)c1,-1.933010614577698,0.2388307464028284
EPROSARTAN,CHEMBL813,CCCCc1ncc(/C=C(\Cc2cccs2)C(=O)O)n1Cc1ccc(C(=O)O)cc1,-1.930387685310184,0.2485952553560914
SUFENTANIL,CHEMBL658,CCC(=O)N(c1ccccc1)C1(COC)CCN(CCc2cccs2)CC1,-1.929023004825422,0.2225352356917503
NAFCILLIN,CHEMBL1443,CCOc1ccc2ccccc2c1C(=O)N[C@@H]1C(=O)N2[C@@H]1SC(C)(C)[C@@H]2C(=O)O,-1.922636286990969,0.2971948622235221
BENTIROMIDE,CHEMBL1200368,O=C(O)c1ccc(NC(=O)[C@H](Cc2ccc(O)cc2)NC(=O)c2ccccc2)cc1,-1.922452215839263,0.2801137866931773
DELAVIRDINE,CHEMBL593,CC(C)Nc1cccnc1N1CCN(C(=O)c2cc3cc(NS(C)(=O)=O)ccc3[nH]2)CC1,-1.9201652353324563,0.2299938052398744
DEFERASIROX,CHEMBL550348,O=C(O)c1ccc(-n2nc(-c3ccccc3O)nc2-c2ccccc2O)cc1,-1.9136284867287188,0.2690385333451171
ENZALUTAMIDE,CHEMBL1082407,CNC(=O)c1ccc(N2C(=S)N(c3ccc(C#N)c(C(F)(F)F)c3)C(=O)C2(C)C)cc1F,-1.911036201119086,0.2418676125427044
NORGESTIMATE,CHEMBL1200934,C#C[C@]1(OC(C)=O)CC[C@H]2[C@@H]3CCC4=C/C(=N/O)CC[C@@H]4[C@H]3CC[C@@]21CC,-1.909109431927178,0.1696179153618434
CARBENICILLIN,CHEMBL1214,CC1(C)S[C@@H]2[C@H](NC(=O)C(C(=O)O)c3ccccc3)C(=O)N2[C@H]1C(=O)O,-1.90318641804805,0.2599160518133542
NALFURAFINE,CHEMBL267495,CN(C(=O)/C=C/c1ccoc1)[C@@H]1CC[C@@]2(O)[C@H]3Cc4ccc(O)c5c4[C@@]2(CCN3CC2CC2)[C@H]1O5,-1.9002086494723864,0.1969635338881383
ALPELISIB,CHEMBL2396661,Cc1nc(NC(=O)N2CCC[C@H]2C(N)=O)sc1-c1ccnc(C(C)(C)C(F)(F)F)c1,-1.9001306343641415,0.2040681599641899
LAROPIPRANT,CHEMBL426559,CS(=O)(=O)c1cc(F)cc2c3c(n(Cc4ccc(Cl)cc4)c12)[C@@H](CC(=O)O)CC3,-1.898145923703436,0.2410139813025892
MESTEROLONE,CHEMBL258918,C[C@H]1CC(=O)C[C@@H]2CC[C@H]3[C@@H]4CC[C@H](O)[C@@]4(C)CC[C@@H]3[C@]21C,-1.896853266807178,0.1877565823406257
APREMILAST,CHEMBL514800,CCOc1cc([C@@H](CS(C)(=O)=O)N2C(=O)c3cccc(NC(C)=O)c3C2=O)ccc1OC,-1.8913306195051411,0.2689895312391548
CEFTIBUTEN,CHEMBL1605,Nc1nc(/C(=C/CC(=O)O)C(=O)N[C@@H]2C(=O)N3C(C(=O)O)=CCS[C@H]23)cs1,-1.8892086432578223,0.2941124620265883
ANAGLIPTIN,CHEMBL1929396,Cc1cc2ncc(C(=O)NCC(C)(C)NCC(=O)N3CCC[C@H]3C#N)cn2n1,-1.8877242560119447,0.171584678651184
VORAPAXAR,CHEMBL493982,CCOC(=O)N[C@@H]1CC[C@@H]2[C@@H](C1)C[C@H]1C(=O)O[C@H](C)[C@H]1[C@H]2/C=C/c1ccc(-c2cccc(F)c2)cn1,-1.885626286941996,0.2526030103564329
APIXABAN,CHEMBL231779,COc1ccc(-n2nc(C(N)=O)c3c2C(=O)N(c2ccc(N4CCCCC4=O)cc2)CC3)cc1,-1.8847587515675,0.1782225457502634
TOLVAPTAN,CHEMBL344159,Cc1ccccc1C(=O)Nc1ccc(C(=O)N2CCCC(O)c3cc(Cl)ccc32)c(C)c1,-1.8817080069016936,0.2634634132976325
ERTAPENEM,CHEMBL1359,C[C@@H](O)[C@H]1C(=O)N2C(C(=O)O)=C(S[C@@H]3CN[C@H](C(=O)Nc4cccc(C(=O)O)c4)C3)[C@H](C)[C@H]12,-1.8808675123814365,0.2760750219472805
VEMURAFENIB,CHEMBL1229517,CCCS(=O)(=O)Nc1ccc(F)c(C(=O)c2c[nH]c3ncc(-c4ccc(Cl)cc4)cc23)c1F,-1.8777960373957092,0.2953721581042272
SUVOREXANT,CHEMBL1083659,Cc1ccc(-n2nccn2)c(C(=O)N2CCN(c3nc4cc(Cl)ccc4o3)CC[C@H]2C)c1,-1.877384403589909,0.2611001593686282
ESTRADIOL VALERATE,CHEMBL1511,CCCCC(=O)O[C@H]1CC[C@H]2[C@@H]3CCc4cc(O)ccc4[C@H]3CC[C@]12C,-1.8709507956059557,0.2577197292156196
SPIRAPRIL,CHEMBL431,CCOC(=O)[C@H](CCc1ccccc1)N[C@@H](C)C(=O)N1CC2(C[C@H]1C(=O)O)SCCS2,-1.870501241180428,0.2320646444188273
CISAPRIDE,CHEMBL1729,COc1cc(N)c(Cl)cc1C(=O)NC1CCN(CCCOc2ccc(F)cc2)CC1OC,-1.868090733685948,0.2331519534052753
BELUMOSUDIL,CHEMBL2005186,CC(C)NC(=O)COc1cccc(-c2nc(Nc3ccc4[nH]ncc4c3)c3ccccc3n2)c1,-1.865092732178504,0.2815218347888959
AMDINOCILLIN PIVOXIL,CHEMBL1650818,CC(C)(C)C(=O)OCOC(=O)[C@@H]1N2C(=O)[C@@H](/N=C/N3CCCCCC3)[C@H]2SC1(C)C,-1.864979404421144,0.2313928414356818
LOPERAMIDE,CHEMBL841,CN(C)C(=O)C(CCN1CCC(O)(c2ccc(Cl)cc2)CC1)(c1ccccc1)c1ccccc1,-1.8538635458186623,0.2366224689862719
BILASTINE,CHEMBL1742423,CCOCCn1c(C2CCN(CCc3ccc(C(C)(C)C(=O)O)cc3)CC2)nc2ccccc21,-1.8484740686361467,0.2372145658693954
TRILACICLIB,CHEMBL3894860,CN1CCN(c2ccc(Nc3ncc4cc5n(c4n3)C3(CCCCC3)CNC5=O)nc2)CC1,-1.8466863528306885,0.2388591169022447
GLIMEPIRIDE,CHEMBL1481,CCC1=C(C)CN(C(=O)NCCc2ccc(S(=O)(=O)NC(=O)N[C@H]3CC[C@H](C)CC3)cc2)C1=O,-1.84481372861141,0.1724155203124869
PHTHALYLSULFATHIAZOLE,CHEMBL1524273,O=C(O)c1ccccc1C(=O)Nc1ccc(S(=O)(=O)Nc2nccs2)cc1,-1.8373444000127928,0.3441471022877731
CARBENICILLIN INDANYL,CHEMBL1596,CC1(C)S[C@@H]2[C@H](NC(=O)C(C(=O)Oc3ccc4c(c3)CCC4)c3ccccc3)C(=O)N2[C@H]1C(=O)O,-1.8361525275574453,0.276636587694701
VALBENAZINE,CHEMBL2364639,COc1cc2c(cc1OC)[C@H]1C[C@@H](OC(=O)[C@@H](N)C(C)C)[C@H](CC(C)C)CN1CC2,-1.8349261424199368,0.1954799834941426
AVANAFIL,CHEMBL1963681,COc1ccc(CNc2nc(N3CCC[C@H]3CO)ncc2C(=O)NCc2ncccn2)cc1Cl,-1.8347758646468493,0.2518691273639364
CEFEPIME,CHEMBL186,CO/N=C(\C(=O)N[C@@H]1C(=O)N2C(C(=O)[O-])=C(C[N+]3(C)CCCC3)CS[C@H]12)c1csc(N)n1,-1.833401767593296,0.2248468183578931
CLOXACILLIN,CHEMBL891,Cc1onc(-c2ccccc2Cl)c1C(=O)N[C@@H]1C(=O)N2[C@@H]1SC(C)(C)[C@@H]2C(=O)O,-1.8309427652203427,0.2563099869499361
BEXAROTENE,CHEMBL1023,C=C(c1ccc(C(=O)O)cc1)c1cc2c(cc1C)C(C)(C)CCC2(C)C,-1.8273046736579768,0.2616687716451588
XENAZOIC ACID,CHEMBL1909289,CCOC(Nc1ccc(C(=O)O)cc1)C(=O)c1ccc(-c2ccccc2)cc1,-1.825761363793558,0.2968607652860975
NABILONE,CHEMBL2218896,CCCCCCC(C)(C)c1cc(O)c2c(c1)OC(C)(C)C1CCC(=O)CC21,-1.8195407369922931,0.2141152329341837
DOXAZOSIN,CHEMBL707,COc1cc2nc(N3CCN(C(=O)C4COc5ccccc5O4)CC3)nc(N)c2cc1OC,-1.8183448722751203,0.203181488599638
PRAZOSIN,CHEMBL2,COc1cc2nc(N3CCN(C(=O)c4ccco4)CC3)nc(N)c2cc1OC,-1.8115443619192384,0.2046622653762456
PREDNISONE,CHEMBL635,C[C@]12C=CC(=O)C=C1CC[C@@H]1[C@@H]2C(=O)C[C@@]2(C)[C@H]1CC[C@]2(O)C(=O)CO,-1.811515848164604,0.171875396003004
BENZHYDROCODONE,CHEMBL3137321,COc1ccc2c3c1O[C@H]1C(OC(=O)c4ccccc4)=CC[C@@H]4[C@@H](C2)N(C)CC[C@@]341,-1.807522191755908,0.2255335500568684
DORIPENEM,CHEMBL491571,C[C@@H](O)[C@H]1C(=O)N2C(C(=O)O)=C(S[C@@H]3CN[C@H](CNS(N)(=O)=O)C3)[C@H](C)[C@H]12,-1.800540448127167,0.2719505117547227
MOZAVAPTAN,CHEMBL420762,Cc1ccccc1C(=O)Nc1ccc(C(=O)N2CCCC(N(C)C)c3ccccc32)cc1,-1.8002379726007611,0.2336402227441129
SULFASALAZINE,CHEMBL421,O=C(O)c1cc(/N=N/c2ccc(S(=O)(=O)Nc3ccccn3)cc2)ccc1O,-1.800000088717713,0.3227365206643094
APALUTAMIDE,CHEMBL3183409,CNC(=O)c1ccc(N2C(=S)N(c3cnc(C#N)c(C(F)(F)F)c3)C(=O)C23CCC3)cc1F,-1.7965121025865909,0.2187764033066608
DAROLUTAMIDE,CHEMBL4297185,CC(O)c1cc(C(=O)N[C@@H](C)Cn2ccc(-c3ccc(C#N)c(Cl)c3)n2)n[nH]1,-1.7941913274626182,0.2564369865540696
FLAVOXATE,CHEMBL1493,Cc1c(-c2ccccc2)oc2c(C(=O)OCCN3CCCCC3)cccc2c1=O,-1.7936047810721905,0.3206800830710978
DASATINIB ANHYDROUS,CHEMBL1421,Cc1nc(Nc2ncc(C(=O)Nc3c(C)cccc3Cl)s2)cc(N2CCN(CCO)CC2)n1,-1.7927851343882104,0.2278753702775416
RIMONABANT,CHEMBL111,Cc1c(C(=O)NN2CCCCC2)nn(-c2ccc(Cl)cc2Cl)c1-c1ccc(Cl)cc1,-1.7858601450362892,0.228232091703116
ELTROMBOPAG,CHEMBL461101,CC1=NN(c2ccc(C)c(C)c2)C(=O)/C1=N\Nc1cccc(-c2cccc(C(=O)O)c2)c1O,-1.7803593727763745,0.3256727938271246
PARECOXIB,CHEMBL1206690,CCC(=O)NS(=O)(=O)c1ccc(-c2c(-c3ccccc3)noc2C)cc1,-1.7680663467466096,0.2299818828662629
SELINEXOR,CHEMBL3545185,O=C(/C=C\n1cnc(-c2cc(C(F)(F)F)cc(C(F)(F)F)c2)n1)NNc1cnccn1,-1.7659284376485014,0.2473075975647112
ALPIDEM,CHEMBL54349,CCCN(CCC)C(=O)Cc1c(-c2ccc(Cl)cc2)nc2ccc(Cl)cn12,-1.763758167539469,0.216372465545889
FLUSPIRILENE,CHEMBL46516,O=C1NCN(c2ccccc2)C12CCN(CCCC(c1ccc(F)cc1)c1ccc(F)cc1)CC2,-1.757396925451852,0.2738229264639378
RALOXIFENE,CHEMBL81,O=C(c1ccc(OCCN2CCCCC2)cc1)c1c(-c2ccc(O)cc2)sc2cc(O)ccc12,-1.7498805199151437,0.236446720977944
CAPIVASERTIB,CHEMBL2325741,NC1(C(=O)N[C@@H](CCO)c2ccc(Cl)cc2)CCN(c2nc[nH]c3nccc2-3)CC1,-1.7493228596015362,0.2306582341596803
LAROTRECTINIB,CHEMBL3889654,O=C(Nc1cnn2ccc(N3CCC[C@@H]3c3cc(F)ccc3F)nc12)N1CC[C@H](O)C1,-1.7478394213992323,0.2366681400092416
PALBOCICLIB,CHEMBL189963,CC(=O)c1c(C)c2cnc(Nc3ccc(N4CCNCC4)cn3)nc2n(C2CCCC2)c1=O,-1.7333613876260006,0.248668872744387
MEDRYSONE,CHEMBL1201173,CC(=O)[C@H]1CC[C@H]2[C@@H]3C[C@H](C)C4=CC(=O)CC[C@]4(C)[C@H]3[C@@H](O)C[C@]12C,-1.722574000497876,0.168310133034614
DEUCRAVACITINIB,CHEMBL4435170,[2H]C([2H])([2H])NC(=O)c1nnc(NC(=O)C2CC2)cc1Nc1cccc(-c2ncn(C)n2)c1OC,-1.7131849488129345,0.2381625253861888
CRAVACITINIB,CHEMBL4596392,CNC(=O)c1nnc(NC(=O)C2CC2)cc1Nc1cccc(-c2ncn(C)n2)c1OC,-1.7131849488129345,0.2381625253861888
PRAVASTATIN,CHEMBL1144,CC[C@H](C)C(=O)O[C@H]1C[C@H](O)C=C2C=C[C@H](C)[C@H](CC[C@@H](O)C[C@@H](O)CC(=O)O)[C@H]21,-1.713027407529612,0.2356803248445937
TIRABRUTINIB,CHEMBL4071161,CC#CC(=O)N1CC[C@@H](n2c(=O)n(-c3ccc(Oc4ccccc4)cc3)c3c(N)ncnc32)C1,-1.7074842708823434,0.2457627024502639
DESOXIMETASONE,CHEMBL1766,C[C@@H]1C[C@H]2[C@@H]3CCC4=CC(=O)C=C[C@]4(C)[C@@]3(F)[C@@H](O)C[C@]2(C)[C@H]1C(=O)CO,-1.7059239315277026,0.179373266031733
PIVAMPICILLIN,CHEMBL3182343,CC(C)(C)C(=O)OCOC(=O)[C@@H]1N2C(=O)[C@@H](NC(=O)[C@H](N)c3ccccc3)[C@H]2SC1(C)C,-1.7050961470365065,0.2772498713758286
DICLOXACILLIN,CHEMBL893,Cc1onc(-c2c(Cl)cccc2Cl)c1C(=O)N[C@@H]1C(=O)N2[C@@H]1SC(C)(C)[C@@H]2C(=O)O,-1.702795659515936,0.2512320341974029
FUTIBATINIB,CHEMBL3701238,C=CC(=O)N1CC[C@H](n2nc(C#Cc3cc(OC)cc(OC)c3)c3c(N)ncnc32)C1,-1.6961812556278535,0.2010741999115108
AZLOCILLIN,CHEMBL1537,CC1(C)S[C@@H]2[C@H](NC(=O)[C@H](NC(=O)N3CCNC3=O)c3ccccc3)C(=O)N2[C@H]1C(=O)O,-1.6865038780210788,0.2567097893275176
TAMIBAROTENE,CHEMBL25202,CC1(C)CCC(C)(C)c2cc(NC(=O)c3ccc(C(=O)O)cc3)ccc21,-1.6822147424956493,0.236244947501919
XIMELAGATRAN,CHEMBL522038,CCOC(=O)CN[C@@H](C(=O)N1CC[C@H]1C(=O)NCc1ccc(/C(N)=N\O)cc1)C1CCCCC1,-1.6815648910313676,0.1703442478179851
MEPREDNISONE,CHEMBL1201148,C[C@H]1C[C@H]2[C@@H]3CCC4=CC(=O)C=C[C@]4(C)[C@H]3C(=O)C[C@]2(C)[C@@]1(O)C(=O)CO,-1.6756293768011976,0.1806136900721339
COPANLISIB,CHEMBL3218576,COc1c(OCCCN2CCOCC2)ccc2c1N=C(NC(=O)c1cnc(N)nc1)N1CCN=C21,-1.675094675571475,0.2394364053437068
ILOPERIDONE,CHEMBL14376,COc1cc(C(C)=O)ccc1OCCCN1CCC(c2noc3cc(F)ccc23)CC1,-1.6732384141192216,0.2367572602337509
NICARDIPINE,CHEMBL1484,COC(=O)C1=C(C)NC(C)=C(C(=O)OCCN(C)Cc2ccccc2)C1c1cccc([N+](=O)[O-])c1,-1.6711850046537238,0.3007548058277107
PICOTAMIDE,CHEMBL1257015,COc1ccc(C(=O)NCc2cccnc2)cc1C(=O)NCc1cccnc1,-1.6701323146521343,0.2629564953128533
IDARUBICIN,CHEMBL1117,CC(=O)[C@]1(O)Cc2c(O)c3c(c(O)c2[C@@H](O[C@H]2C[C@H](N)[C@H](O)[C@H](C)O2)C1)C(=O)c1ccccc1C3=O,-1.6695081258204008,0.2252084002752048
LEMBOREXANT,CHEMBL3545367,Cc1ncc(OC[C@@]2(c3cccc(F)c3)C[C@H]2C(=O)Nc2ccc(F)cn2)c(C)n1,-1.6672298262424583,0.2199981726024427
GANAXOLONE,CHEMBL1568698,CC(=O)[C@H]1CC[C@H]2[C@@H]3CC[C@H]4C[C@](C)(O)CC[C@]4(C)[C@H]3CC[C@]12C,-1.6638681168887155,0.1503145464222158
FLUOCORTOLONE,CHEMBL251634,C[C@@H]1C[C@H]2[C@@H]3C[C@H](F)C4=CC(=O)C=C[C@]4(C)[C@H]3[C@@H](O)C[C@]2(C)[C@H]1C(=O)CO,-1.65038758694125,0.1729972929367738
FRUQUINTINIB,CHEMBL4303214,CNC(=O)c1c(C)oc2cc(Oc3ncnc4cc(OC)c(OC)cc34)ccc12,-1.6503109847792194,0.2047711891922317
LOFEPRAMINE,CHEMBL87708,CN(CCCN1c2ccccc2CCc2ccccc21)CC(=O)c1ccc(Cl)cc1,-1.6465668045554267,0.2279586311646693
PEMIGATINIB,CHEMBL4297522,CCN1C(=O)N(c2c(F)c(OC)cc(OC)c2F)Cc2cnc3[nH]c(CN4CCOCC4)cc3c21,-1.6398897537939274,0.2279904050967887
CONIVAPTAN,CHEMBL1755,Cc1nc2c([nH]1)-c1ccccc1N(C(=O)c1ccc(NC(=O)c3ccccc3-c3ccccc3)cc1)CC2,-1.6382886885157326,0.3089185670026644
TROGLITAZONE,CHEMBL408,Cc1c(C)c2c(c(C)c1O)CCC(C)(COc1ccc(CC3SC(=O)NC3=O)cc1)O2,-1.636498366828621,0.2126546720236117
DEMECLOCYCLINE,CHEMBL1591,CN(C)[C@@H]1C(O)=C(C(N)=O)C(=O)[C@@]2(O)C(O)=C3C(=O)c4c(O)ccc(Cl)c4[C@@H](O)[C@H]3C[C@@H]12,-1.6297694635911355,0.1931499215791899
TOPOTECAN,CHEMBL84,CC[C@@]1(O)C(=O)OCc2c1cc1n(c2=O)Cc2cc3c(CN(C)C)c(O)ccc3nc2-1,-1.6275843484839747,0.2193681866297501
DIPHENOXYLATE,CHEMBL1201294,CCOC(=O)C1(c2ccccc2)CCN(CCC(C#N)(c2ccccc2)c2ccccc2)CC1,-1.626910585813172,0.2225064488646175
SELEXIPAG,CHEMBL238804,CC(C)N(CCCCOCC(=O)NS(C)(=O)=O)c1cnc(-c2ccccc2)c(-c2ccccc2)n1,-1.624892468802945,0.20711470774751
ENSIFENTRINE,CHEMBL4594287,COc1cc2c(cc1OC)-c1c/c(=N\c3c(C)cc(C)cc3C)n(CCNC(N)=O)c(=O)n1CC2,-1.621379926461273,0.2176518329503335
PREDNISOLONE,CHEMBL131,C[C@]12C=CC(=O)C=C1CC[C@@H]1[C@@H]2[C@@H](O)C[C@@]2(C)[C@H]1CC[C@]2(O)C(=O)CO,-1.6210259314988238,0.167696705655586
ACEMETACIN,CHEMBL189171,COc1ccc2c(c1)c(CC(=O)OCC(=O)O)c(C)n2C(=O)c1ccc(Cl)cc1,-1.6201043836268003,0.2403477245946567
OXACILLIN,CHEMBL819,Cc1onc(-c2ccccc2)c1C(=O)N[C@@H]1C(=O)N2[C@@H]1SC(C)(C)[C@@H]2C(=O)O,-1.6166045028588538,0.2510633706085993
LINCOMYCIN,CHEMBL1447,CCC[C@@H]1C[C@@H](C(=O)N[C@@H]([C@H]2O[C@H](SC)[C@H](O)[C@@H](O)[C@H]2O)[C@@H](C)O)N(C)C1,-1.6162495589962729,0.1896258328487866
DOXYCYCLINE ANHYDROUS,CHEMBL1433,C[C@H]1c2cccc(O)c2C(=O)C2=C(O)[C@]3(O)C(=O)C(C(N)=O)=C(O)[C@@H](N(C)C)[C@@H]3[C@@H](O)[C@@H]21,-1.609980069716596,0.2020641471193429
HYDROCORTISONE,CHEMBL389621,C[C@]12CCC(=O)C=C1CC[C@@H]1[C@@H]2[C@@H](O)C[C@@]2(C)[C@H]1CC[C@]2(O)C(=O)CO,-1.6074087546413145,0.1780599976524202
MINOCYCLINE,CHEMBL1434,CN(C)c1ccc(O)c2c1C[C@H]1C[C@H]3[C@H](N(C)C)C(O)=C(C(N)=O)C(=O)[C@@]3(O)C(O)=C1C2=O,-1.6028326793681422,0.1914438197223195
FLUOCINOLONE ACETONIDE,CHEMBL989,CC1(C)O[C@@H]2C[C@H]3[C@@H]4C[C@H](F)C5=CC(=O)C=C[C@]5(C)[C@@]4(F)[C@@H](O)C[C@]3(C)[C@]2(C(=O)CO)O1,-1.6013864736268926,0.1880679201266191
BACAMPICILLIN,CHEMBL1583,CCOC(=O)OC(C)OC(=O)[C@@H]1N2C(=O)[C@@H](NC(=O)[C@H](N)c3ccccc3)[C@H]2SC1(C)C,-1.598957099010377,0.2659840429627569
MIBEFRADIL,CHEMBL45816,COCC(=O)O[C@]1(CCN(C)CCCc2nc3ccccc3[nH]2)CCc2cc(F)ccc2[C@@H]1C(C)C,-1.598065466830627,0.2714592438709378
SITAXENTAN,CHEMBL282724,Cc1cc2c(cc1CC(=O)c1sccc1S(=O)(=O)Nc1onc(C)c1Cl)OCO2,-1.590271094596046,0.2188775725966553
IRBESARTAN,CHEMBL1513,CCCCC1=NC2(CCCC2)C(=O)N1Cc1ccc(-c2ccccc2-c2nnn[nH]2)cc1,-1.5902166997539824,0.2253711330309597
HYDROXYPROGESTERONE CAPROATE,CHEMBL1200848,CCCCCC(=O)O[C@]1(C(C)=O)CC[C@H]2[C@@H]3CCC4=CC(=O)CC[C@]4(C)[C@H]3CC[C@@]21C,-1.584882983421841,0.2321489408704385
MITAPIVAT,CHEMBL4299940,O=C(c1ccc(NS(=O)(=O)c2cccc3cccnc23)cc1)N1CCN(CC2CC2)CC1,-1.5791726602664231,0.1989557254153328
ALVIMOPAN,CHEMBL270190,C[C@H]1CN(C[C@H](Cc2ccccc2)C(=O)NCC(=O)O)CC[C@@]1(C)c1cccc(O)c1,-1.578482600850383,0.2614136377819695
GLIBORNURIDE,CHEMBL529888,Cc1ccc(S(=O)(=O)NC(=O)N[C@H]2[C@H]3CC[C@@](C)([C@H]2O)C3(C)C)cc1,-1.574935697789123,0.1733542454150548
DEXAMETHASONE,CHEMBL384467,C[C@@H]1C[C@H]2[C@@H]3CCC4=CC(=O)C=C[C@]4(C)[C@@]3(F)[C@@H](O)C[C@]2(C)[C@@]1(O)C(=O)CO,-1.5748173355921928,0.1924951381235259
BETAMETHASONE,CHEMBL632,C[C@H]1C[C@H]2[C@@H]3CCC4=CC(=O)C=C[C@]4(C)[C@@]3(F)[C@@H](O)C[C@]2(C)[C@@]1(O)C(=O)CO,-1.5748173355921928,0.1924951381235259
TRIAMCINOLONE ACETONIDE,CHEMBL1504,CC1(C)O[C@@H]2C[C@H]3[C@@H]4CCC5=CC(=O)C=C[C@]5(C)[C@@]4(F)[C@@H](O)C[C@]3(C)[C@]2(C(=O)CO)O1,-1.5701067027995546,0.1836957031026703
SARECYCLINE,CHEMBL2364632,CON(C)Cc1ccc(O)c2c1C[C@H]1C[C@H]3[C@H](N(C)C)C(O)=C(C(N)=O)C(=O)[C@@]3(O)C(O)=C1C2=O,-1.567078135186917,0.2169555186991899
BETAMETHASONE BENZOATE,CHEMBL1200376,C[C@H]1C[C@H]2[C@@H]3CCC4=CC(=O)C=C[C@]4(C)[C@@]3(F)[C@@H](O)C[C@]2(C)[C@@]1(OC(=O)c1ccccc1)C(=O)CO,-1.5602325859146875,0.2430290986822204
DELAFLOXACIN,CHEMBL2105637,Nc1nc(-n2cc(C(=O)O)c(=O)c3cc(F)c(N4CC(O)C4)c(Cl)c32)c(F)cc1F,-1.5557501146742898,0.3338852891280041
ASCIMINIB,CHEMBL4208229,O=C(Nc1ccc(OC(F)(F)Cl)cc1)c1cnc(N2CC[C@@H](O)C2)c(-c2cc[nH]n2)c1,-1.539911234335569,0.2402270164670891
ADAPALENE,CHEMBL1265,COc1ccc(-c2ccc3cc(C(=O)O)ccc3c2)cc1C12CC3CC(CC(C3)C1)C2,-1.537202793223305,0.2760699573758687
OXYTETRACYCLINE,CHEMBL1517,CN(C)[C@@H]1C(O)=C(C(N)=O)C(=O)[C@@]2(O)C(O)=C3C(=O)c4c(O)cccc4[C@@](C)(O)[C@H]3[C@H](O)[C@@H]12,-1.533879104685955,0.2090015454352996
IPTACOPAN,CHEMBL4594448,CCO[C@H]1CCN(Cc2c(OC)cc(C)c3[nH]ccc23)[C@H](c2ccc(C(=O)O)cc2)C1,-1.5301991504597858,0.2909426796139877
TRIAMCINOLONE,CHEMBL1451,C[C@]12C=CC(=O)C=C1CC[C@H]1[C@@H]3C[C@@H](O)[C@](O)(C(=O)CO)[C@@]3(C)C[C@H](O)[C@@]12F,-1.5285288522202138,0.1931159616998376
INGENOL MEBUTATE,CHEMBL1863513,C/C=C(/C)C(=O)O[C@H]1C(C)=C[C@]23C(=O)[C@@H](C=C(CO)[C@@H](O)[C@]12O)[C@H]1[C@@H](C[C@H]3C)C1(C)C,-1.5269506124494914,0.2359192511356384
TRIFAROTENE,CHEMBL3707313,CC(C)(C)c1cc(-c2cc(-c3ccc(C(=O)O)cc3)ccc2OCCO)ccc1N1CCCC1,-1.5236847547465349,0.2804741157168157
PRANLUKAST,CHEMBL21333,O=C(Nc1cccc2c(=O)cc(-c3nnn[nH]3)oc12)c1ccc(OCCCCc2ccccc2)cc1,-1.5227368254537947,0.3433883915082438
FLUNISOLIDE,CHEMBL1512,CC1(C)O[C@@H]2C[C@H]3[C@@H]4C[C@H](F)C5=CC(=O)C=C[C@]5(C)[C@H]4[C@@H](O)C[C@]3(C)[C@]2(C(=O)CO)O1,-1.5131413861700909,0.1801936579290366
RIOCIGUAT,CHEMBL2107834,COC(=O)N(C)c1c(N)nc(-c2nn(Cc3ccccc3F)c3ncccc23)nc1N,-1.5098008826565394,0.2622912562101155
CAPMATINIB,CHEMBL3188267,CNC(=O)c1ccc(-c2cnc3ncc(Cc4ccc5ncccc5c4)n3n2)cc1F,-1.5048631903334568,0.2349465388550488
RIMEXOLONE,CHEMBL1200617,CCC(=O)[C@@]1(C)[C@H](C)C[C@H]2[C@@H]3CCC4=CC(=O)C=C[C@]4(C)[C@H]3[C@@H](O)C[C@@]21C,-1.502267387733495,0.1777568423940164
IBRUTINIB,CHEMBL1873475,C=CC(=O)N1CCC[C@@H](n2nc(-c3ccc(Oc4ccccc4)cc3)c3c(N)ncnc32)C1,-1.4951193107223468,0.2523524454601094
FINASTERIDE,CHEMBL710,CC(C)(C)NC(=O)[C@H]1CC[C@H]2[C@@H]3CC[C@H]4NC(=O)C=C[C@]4(C)[C@H]3CC[C@]12C,-1.4919521276547092,0.2525198959452331
BUDESONIDE,CHEMBL1370,CCCC1O[C@@H]2C[C@H]3[C@@H]4CCC5=CC(=O)C=C[C@]5(C)[C@H]4[C@@H](O)C[C@]3(C)[C@]2(C(=O)CO)O1,-1.4857094810247788,0.221594570058548
FLUOCINONIDE,CHEMBL1501,CC(=O)OCC(=O)[C@@]12OC(C)(C)O[C@@H]1C[C@H]1[C@@H]3C[C@H](F)C4=CC(=O)C=C[C@]4(C)[C@@]3(F)[C@@H](O)C[C@@]12C,-1.4812853874757976,0.2198427510693114
LORLATINIB,CHEMBL3286830,C[C@H]1Oc2cc(cnc2N)-c2c(nn(C)c2C#N)CN(C)C(=O)c2ccc(F)cc21,-1.4812390753070266,0.1684916651566972
BETAMETHASONE VALERATE,CHEMBL1497,CCCCC(=O)O[C@]1(C(=O)CO)[C@@H](C)C[C@H]2[C@@H]3CCC4=CC(=O)C=C[C@]4(C)[C@@]3(F)[C@@H](O)C[C@@]21C,-1.4721484779612235,0.2531248626169207
LEVOCABASTINE,CHEMBL1615438,C[C@@H]1CN([C@H]2CC[C@](C#N)(c3ccc(F)cc3)CC2)CC[C@]1(C(=O)O)c1ccccc1,-1.4658372535130113,0.2589292513258859
CHLORTETRACYCLINE,CHEMBL404520,CN(C)[C@@H]1C(O)=C(C(N)=O)C(=O)[C@@]2(O)C(O)=C3C(=O)c4c(O)ccc(Cl)c4[C@@](C)(O)[C@H]3C[C@@H]12,-1.460568893795522,0.2064903869468846
DESONIDE,CHEMBL1201109,CC1(C)O[C@@H]2C[C@H]3[C@@H]4CCC5=CC(=O)C=C[C@]5(C)[C@H]4[C@@H](O)C[C@]3(C)[C@]2(C(=O)CO)O1,-1.4554856647859655,0.1708049363226702
NANDROLONE PHENPROPIONATE,CHEMBL1200412,C[C@]12CC[C@H]3[C@@H](CCC4=CC(=O)CC[C@@H]43)[C@@H]1CC[C@@H]2OC(=O)CCc1ccccc1,-1.4401878516095303,0.2210598357085675
VERICIGUAT,CHEMBL4066936,COC(=O)Nc1c(N)nc(-c2nn(Cc3ccccc3F)c3ncc(F)cc23)nc1N,-1.439175270415162,0.2578411770114076
FLUOROMETHOLONE,CHEMBL1200600,CC(=O)[C@@]1(O)CC[C@H]2[C@@H]3C[C@H](C)C4=CC(=O)C=C[C@]4(C)[C@@]3(F)[C@@H](O)C[C@@]21C,-1.4202229270885691,0.1648527391914915
ESTRADIOL CYPIONATE,CHEMBL1200973,C[C@]12CC[C@@H]3c4ccc(O)cc4CC[C@H]3[C@@H]1CC[C@@H]2OC(=O)CCC1CCCC1,-1.4199381166864984,0.2370604185986488
DROSPIRENONE,CHEMBL1509,C[C@]12CCC(=O)C=C1[C@@H]1C[C@@H]1[C@H]1[C@@H]3[C@@H]4C[C@@H]4[C@@]4(CCC(=O)O4)[C@@]3(C)CC[C@@H]12,-1.4143609953088172,0.2001163821073848
TESTOSTERONE ENANTHATE,CHEMBL1200335,CCCCCCC(=O)O[C@H]1CC[C@H]2[C@@H]3CCC4=CC(=O)CC[C@]4(C)[C@H]3CC[C@]12C,-1.411478425567756,0.2444578620305608
DARIDOREXANT,CHEMBL4297590,COc1ccc(-n2nccn2)c(C(=O)N2CCC[C@@]2(C)c2nc3c(C)c(Cl)ccc3[nH]2)c1,-1.3943319122763882,0.2362010924524589
MIFEPRISTONE,CHEMBL1276308,CC#C[C@]1(O)CC[C@H]2[C@@H]3CCC4=CC(=O)CCC4=C3[C@@H](c3ccc(N(C)C)cc3)C[C@@]21C,-1.3919263941495148,0.1682112789309979
HALOBETASOL PROPIONATE,CHEMBL1200908,CCC(=O)O[C@]1(C(=O)CCl)[C@@H](C)C[C@H]2[C@@H]3C[C@H](F)C4=CC(=O)C=C[C@]4(C)[C@@]3(F)[C@@H](O)C[C@@]21C,-1.388641569533947,0.2262035126847484
TETRACYCLINE,CHEMBL1440,CN(C)[C@@H]1C(O)=C(C(N)=O)C(=O)[C@@]2(O)C(O)=C3C(=O)c4c(O)cccc4[C@@](C)(O)[C@H]3C[C@@H]12,-1.385836805529482,0.2009065418393346
NICERGOLINE,CHEMBL1372950,CO[C@]12C[C@@H](COC(=O)c3cncc(Br)c3)CN(C)[C@@H]1Cc1cn(C)c3cccc2c13,-1.384702548414639,0.2003442271997618
CLOBETASOL PROPIONATE,CHEMBL1159650,CCC(=O)O[C@]1(C(=O)CCl)[C@@H](C)C[C@H]2[C@@H]3CCC4=CC(=O)C=C[C@]4(C)[C@@]3(F)[C@@H](O)C[C@@]21C,-1.3763593266258012,0.2233273202974703
NETARSUDIL,CHEMBL4594250,Cc1ccc(C(=O)OCc2ccc([C@@H](CN)C(=O)Nc3ccc4cnccc4c3)cc2)c(C)c1,-1.3754522458487295,0.2722713749392931
BITOLTEROL,CHEMBL1201295,Cc1ccc(C(=O)Oc2ccc(C(O)CNC(C)(C)C)cc2OC(=O)c2ccc(C)cc2)cc1,-1.373344677658625,0.2764007247481558
SONIDEGIB,CHEMBL2105737,Cc1c(C(=O)Nc2ccc(N3C[C@@H](C)O[C@@H](C)C3)nc2)cccc1-c1ccc(OC(F)(F)F)cc1,-1.3700736552083648,0.213855819610669
AMENAMEVIR,CHEMBL4297592,Cc1cccc(C)c1N(CC(=O)Nc1ccc(-c2ncon2)cc1)C(=O)C1CCS(=O)(=O)CC1,-1.36564378330596,0.1824969596368675
GLIPIZIDE,CHEMBL1073,Cc1cnc(C(=O)NCCc2ccc(S(=O)(=O)NC(=O)NC3CCCCC3)cc2)cn1,-1.365133255595092,0.1569516735451375
RALTEGRAVIR,CHEMBL254316,Cc1nnc(C(=O)NC(C)(C)c2nc(C(=O)NCc3ccc(F)cc3)c(O)c(=O)n2C)o1,-1.3614217619183548,0.1845797938815963
DEFLAZACORT,CHEMBL1201891,CC(=O)OCC(=O)[C@@]12N=C(C)O[C@@H]1C[C@H]1[C@@H]3CCC4=CC(=O)C=C[C@]4(C)[C@H]3[C@@H](O)C[C@@]12C,-1.3580536065301536,0.1958274262065282
DROMOSTANOLONE PROPIONATE,CHEMBL1201048,CCC(=O)O[C@H]1CC[C@H]2[C@@H]3CC[C@H]4CC(=O)[C@H](C)C[C@]4(C)[C@H]3CC[C@]12C,-1.3536857019573978,0.2057381881333712
CLOBETASONE BUTYRATE,CHEMBL2308885,CCCC(=O)O[C@]1(C(=O)CCl)[C@H](C)C[C@@H]2[C@@H]3CCC4=CC(=O)C=C[C@]4(C)[C@]3(F)C(=O)C[C@@]21C,-1.3500382127341948,0.2283803281312399
HYDROCORTISONE BUTYRATE,CHEMBL1683,CCCC(=O)O[C@]1(C(=O)CO)CC[C@H]2[C@@H]3CCC4=CC(=O)CC[C@]4(C)[C@H]3[C@@H](O)C[C@@]21C,-1.3488220166361602,0.2055324247267548
CLASCOTERONE,CHEMBL3590187,CCC(=O)O[C@]1(C(=O)CO)CC[C@H]2[C@@H]3CCC4=CC(=O)CC[C@]4(C)[C@H]3CC[C@@]21C,-1.3420894516109374,0.189353031104311
ALECTINIB,CHEMBL1738797,CCc1cc2c(cc1N1CCC(N3CCOCC3)CC1)C(C)(C)c1[nH]c3cc(C#N)ccc3c1C2=O,-1.3418048621287888,0.2177905555564877
HYDROCORTISONE VALERATE,CHEMBL1200562,CCCCC(=O)O[C@]1(C(=O)CO)CC[C@H]2[C@@H]3CCC4=CC(=O)CC[C@]4(C)[C@H]3[C@@H](O)C[C@@]21C,-1.338667028314585,0.216607493123692
FLUMETHASONE PIVALATE,CHEMBL1200877,C[C@@H]1C[C@H]2[C@@H]3C[C@H](F)C4=CC(=O)C=C[C@]4(C)[C@@]3(F)[C@@H](O)C[C@]2(C)[C@@]1(O)C(=O)COC(=O)C(C)(C)C,-1.3299037776089986,0.2017599184685077
ARTESUNATE,CHEMBL361497,C[C@H]1[C@H](OC(=O)CCC(=O)O)O[C@@H]2O[C@@]3(C)CC[C@H]4[C@H](C)CC[C@@H]1[C@@]24OO3,-1.3288466719223782,0.219503100563995
TENOFOVIR ALAFENAMIDE,CHEMBL2107825,CC(C)OC(=O)[C@H](C)N[P@](=O)(CO[C@H](C)Cn1cnc2c(N)ncnc21)Oc1ccccc1,-1.3270473789634705,0.2223615185496373
LOVASTATIN,CHEMBL503,CC[C@H](C)C(=O)O[C@H]1C[C@@H](C)C=C2C=C[C@H](C)[C@H](CC[C@@H]3C[C@@H](O)CC(=O)O3)[C@H]21,-1.3208985924047072,0.2107821019660458
BETRIXABAN,CHEMBL512351,COc1ccc(NC(=O)c2ccc(C(=N)N(C)C)cc2)c(C(=O)Nc2ccc(Cl)cn2)c1,-1.2995065092265776,0.2208058585417661
METHYLPREDNISOLONE,CHEMBL650,C[C@H]1C[C@@H]2[C@H]([C@@H](O)C[C@@]3(C)[C@H]2CC[C@]3(O)C(=O)CO)[C@@]2(C)C=CC(=O)C=C12,-1.2856651385882072,0.1656922131206799
FLUPREDNISOLONE,CHEMBL1200774,C[C@]12C=CC(=O)C=C1[C@@H](F)C[C@@H]1[C@@H]2[C@@H](O)C[C@@]2(C)[C@H]1CC[C@]2(O)C(=O)CO,-1.2722736777018433,0.1673424428140247
ULIPRISTAL,CHEMBL2103846,CC(=O)[C@@]1(O)CC[C@H]2[C@@H]3CCC4=CC(=O)CCC4=C3[C@@H](c3ccc(N(C)C)cc3)C[C@@]21C,-1.2665030844886414,0.169784740741714
LUMACAFTOR,CHEMBL2103870,Cc1ccc(NC(=O)C2(c3ccc4c(c3)OC(F)(F)O4)CC2)nc1-c1cccc(C(=O)O)c1,-1.261469881265718,0.267299142402482
FLURANDRENOLIDE,CHEMBL1201012,CC1(C)O[C@@H]2C[C@H]3[C@@H]4C[C@H](F)C5=CC(=O)CC[C@]5(C)[C@H]4[C@@H](O)C[C@]3(C)[C@]2(C(=O)CO)O1,-1.2505655371416728,0.1765244423817267
NIRMATRELVIR,CHEMBL4802135,CC(C)(C)[C@H](NC(=O)C(F)(F)F)C(=O)N1C[C@H]2[C@@H]([C@H]1C(=O)N[C@H](C#N)C[C@@H]1CCNC1=O)C2(C)C,-1.2415748045682662,0.2481796117873922
HYDROCORTAMATE,CHEMBL1201263,CCN(CC)CC(=O)OCC(=O)[C@@]1(O)CC[C@H]2[C@@H]3CCC4=CC(=O)CC[C@]4(C)[C@H]3[C@@H](O)C[C@@]21C,-1.23917211051091,0.2047691352518688
HYDROCORTISONE PROBUTATE,CHEMBL1200953,CCCC(=O)O[C@]1(C(=O)COC(=O)CC)CC[C@H]2[C@@H]3CCC4=CC(=O)CC[C@]4(C)[C@H]3[C@@H](O)C[C@@]21C,-1.232297407634843,0.2028547296091563
ZURANOLONE,CHEMBL4105630,C[C@@]1(O)CC[C@H]2[C@H](CC[C@@H]3[C@@H]2CC[C@]2(C)[C@@H](C(=O)Cn4cc(C#N)cn4)CC[C@@H]32)C1,-1.2120627985755237,0.1777621871933481
CLOCORTOLONE PIVALATE,CHEMBL1200975,C[C@@H]1C[C@H]2[C@@H]3C[C@H](F)C4=CC(=O)C=C[C@]4(C)[C@@]3(Cl)[C@@H](O)C[C@]2(C)[C@H]1C(=O)COC(=O)C(C)(C)C,-1.2096315450733544,0.1901295648693523
BREXANOLONE,CHEMBL207538,CC(=O)[C@H]1CC[C@H]2[C@@H]3CC[C@H]4C[C@H](O)CC[C@]4(C)[C@H]3CC[C@]12C,-1.2037018839279148,0.149110473827372
GIVINOSTAT,CHEMBL1213492,CCN(CC)Cc1ccc2cc(COC(=O)Nc3ccc(C(=O)NO)cc3)ccc2c1,-1.20283160844425,0.1786415383332532
IMATINIB,CHEMBL941,Cc1ccc(NC(=O)c2ccc(CN3CCN(C)CC3)cc2)cc1Nc1nccc(-c2cccnc2)n1,-1.1984521060881124,0.2132702003377554
SIMVASTATIN,CHEMBL1064,CCC(C)(C)C(=O)O[C@H]1C[C@@H](C)C=C2C=C[C@H](C)[C@H](CC[C@@H]3C[C@@H](O)CC(=O)O3)[C@H]21,-1.16867677401896,0.2215256997444706
PALOVAROTENE,CHEMBL2105648,CC1(C)CCC(C)(C)c2cc(Cn3cccn3)c(/C=C/c3ccc(C(=O)O)cc3)cc21,-1.1659870475046197,0.2470435005247554
HYDROCORTISONE CYPIONATE,CHEMBL1549,C[C@]12CCC(=O)C=C1CC[C@@H]1[C@@H]2[C@@H](O)C[C@@]2(C)[C@H]1CC[C@]2(O)C(=O)COC(=O)CCC1CCCC1,-1.1607462950573704,0.2134322498863042
EPLERENONE,CHEMBL1095097,COC(=O)[C@@H]1CC2=CC(=O)CC[C@]2(C)[C@@]23O[C@@H]2C[C@@]2(C)[C@@H](CC[C@@]24CCC(=O)O4)[C@H]13,-1.1596959497265018,0.1861380402642743
PIRTOBRUTINIB,CHEMBL4650485,COc1ccc(F)cc1C(=O)NCc1ccc(-c2nn([C@@H](C)C(F)(F)F)c(N)c2C(N)=O)cc1,-1.1596820994009531,0.2605010593219969
HALCINONIDE,CHEMBL1200845,CC1(C)O[C@@H]2C[C@H]3[C@@H]4CCC5=CC(=O)CC[C@]5(C)[C@@]4(F)[C@@H](O)C[C@]3(C)[C@]2(C(=O)CCl)O1,-1.1586638360362804,0.1736203298118469
DESOXYCORTICOSTERONE PIVALATE,CHEMBL1200592,CC(C)(C)C(=O)OCC(=O)[C@H]1CC[C@H]2[C@@H]3CCC4=CC(=O)CC[C@]4(C)[C@H]3CC[C@]12C,-1.15517089716907,0.2068910499371611
RALTITREXED,CHEMBL225071,Cc1nc(=O)c2cc(CN(C)c3ccc(C(=O)N[C@@H](CCC(=O)O)C(=O)O)s3)ccc2[nH]1,-1.1329230705012023,0.2814010994700028
MOMELOTINIB,CHEMBL1078178,N#CCNC(=O)c1ccc(-c2ccnc(Nc3ccc(N4CCOCC4)cc3)n2)cc1,-1.1240908220289174,0.1899742701020945
TESTOSTERONE CYPIONATE,CHEMBL1201101,C[C@]12CC[C@H]3[C@@H](CCC4=CC(=O)CC[C@@]43C)[C@@H]1CC[C@@H]2OC(=O)CCC1CCCC1,-1.1076698477715488,0.2063247512563915
BETAMETHASONE PHOSPHORIC ACID,CHEMBL1201207,C[C@H]1C[C@H]2[C@@H]3CCC4=CC(=O)C=C[C@]4(C)[C@@]3(F)[C@@H](O)C[C@]2(C)[C@@]1(O)C(=O)COP(=O)(O)O,-1.0975872472371242,0.1909652011501932
DEXAMETHASONE PHOSPHORIC ACID,CHEMBL1201302,C[C@@H]1C[C@H]2[C@@H]3CCC4=CC(=O)C=C[C@]4(C)[C@@]3(F)[C@@H](O)C[C@]2(C)[C@@]1(O)C(=O)COP(=O)(O)O,-1.0975872472371242,0.1909652011501932
PREDNISOLONE TEBUTATE,CHEMBL1200909,CC(C)(C)CC(=O)OCC(=O)[C@@]1(O)CC[C@H]2[C@@H]3CCC4=CC(=O)C=C[C@]4(C)[C@H]3[C@@H](O)C[C@@]21C,-1.0924038563277092,0.1919469558133513
TEDIZOLID,CHEMBL1257051,Cn1nnc(-c2ccc(-c3ccc(N4C[C@H](CO)OC4=O)cc3F)cn2)n1,-1.0875448066286062,0.1747757568938236
LOTEPREDNOL ETABONATE,CHEMBL1200865,CCOC(=O)O[C@]1(C(=O)OCCl)CC[C@H]2[C@@H]3CCC4=CC(=O)C=C[C@]4(C)[C@H]3[C@@H](O)C[C@@]21C,-1.0341948708916249,0.1729235991173573
PREDNICARBATE,CHEMBL1200386,CCOC(=O)O[C@]1(C(=O)COC(=O)CC)CC[C@H]2[C@@H]3CCC4=CC(=O)C=C[C@]4(C)[C@H]3[C@@H](O)C[C@@]21C,-1.001009442744964,0.1801084475895851
REGADENOSON ANHYDROUS,CHEMBL317052,CNC(=O)c1cnn(-c2nc(N)c3ncn([C@@H]4O[C@H](CO)[C@@H](O)[C@H]4O)c3n2)c1,-0.9270334641367872,0.172302668953955
HYDROCORTISONE PHOSPHORIC ACID,CHEMBL1641,C[C@]12CCC(=O)C=C1CC[C@@H]1[C@@H]2[C@@H](O)C[C@@]2(C)[C@H]1CC[C@]2(O)C(=O)COP(=O)(O)O,-0.914796704016166,0.1806994931911827
PREDNISOLONE PHOSPHORIC ACID,CHEMBL1201231,C[C@]12C=CC(=O)C=C1CC[C@@H]1[C@@H]2[C@@H](O)C[C@@]2(C)[C@H]1CC[C@]2(O)C(=O)COP(=O)(O)O,-0.8880038366312512,0.169580645638793
LEVOLEUCOVORIN,CHEMBL1908841,Nc1nc(=O)c2c([nH]1)NC[C@H](CNc1ccc(C(=O)N[C@@H](CCC(=O)O)C(=O)O)cc1)N2C=O,-0.7119465951208863,0.2715104762956709
LEUCOVORIN,CHEMBL1679,Nc1nc(=O)c2c([nH]1)NCC(CNc1ccc(C(=O)N[C@@H](CCC(=O)O)C(=O)O)cc1)N2C=O,-0.7119465951208863,0.2715104762956709
ACALABRUTINIB,CHEMBL3707348,CC#CC(=O)N1CCC[C@H]1c1nc(-c2ccc(C(=O)Nc3ccccn3)cc2)c2c(N)nccn12,-0.6987942489176803,0.1722148519147167
PEMETREXED,CHEMBL225072,Nc1nc2[nH]cc(CCc3ccc(C(=O)N[C@@H](CCC(=O)O)C(=O)O)cc3)c2c(=O)[nH]1,-0.5355240987974647,0.2839944886394942
LEVOMEFOLIC ACID,CHEMBL1231574,CN1c2c([nH]c(N)nc2=O)NC[C@@H]1CNc1ccc(C(=O)N[C@@H](CCC(=O)O)C(=O)O)cc1,-0.5178265144507604,0.244721484959123
PRALATREXATE,CHEMBL1201746,C#CCC(Cc1cnc2nc(N)nc(N)c2n1)c1ccc(C(=O)N[C@@H](CCC(=O)O)C(=O)O)cc1,-0.2888207969783127,0.2379684828524257
FOLIC ACID,CHEMBL1622,Nc1nc(=O)c2nc(CNc3ccc(C(=O)N[C@@H](CCC(=O)O)C(=O)O)cc3)cnc2[nH]1,-0.286841411670403,0.2746722433076368
METHOTREXATE,CHEMBL34259,CN(Cc1cnc2nc(N)nc(N)c2n1)c1ccc(C(=O)N[C@@H](CCC(=O)O)C(=O)O)cc1,0.0208036162853762,0.1956515785368268
OBETICHOLIC ACID,CHEMBL566315,CC[C@H]1[C@@H](O)[C@@H]2[C@H](CC[C@]3(C)[C@@H]([C@H](C)CCC(=O)O)CC[C@@H]23)[C@@]2(C)CC[C@@H](O)C[C@@H]12,0.5311762148231749,0.170773996680113
DEOXYCHOLIC ACID,CHEMBL406393,C[C@H](CCC(=O)O)[C@H]1CC[C@H]2[C@@H]3CC[C@@H]4C[C@H](O)CC[C@]4(C)[C@H]3C[C@H](O)[C@]12C,0.6066607035011974,0.1669444929650301
CHENODIOL,CHEMBL240597,C[C@H](CCC(=O)O)[C@H]1CC[C@H]2[C@@H]3[C@H](O)C[C@@H]4C[C@H](O)CC[C@]4(C)[C@H]3CC[C@]12C,0.7565363851440585,0.1726110082140792
URSODIOL,CHEMBL1551,C[C@H](CCC(=O)O)[C@H]1CC[C@H]2[C@@H]3[C@@H](O)C[C@@H]4C[C@H](O)CC[C@]4(C)[C@H]3CC[C@]12C,0.7565363851440585,0.1726110082140792
TAURURSODIOL,CHEMBL272427,C[C@H](CCC(=O)NCCS(=O)(=O)O)[C@H]1CC[C@H]2[C@@H]3[C@@H](O)C[C@@H]4C[C@H](O)CC[C@]4(C)[C@H]3CC[C@]12C,0.872283980475681,0.1348358268629542
CHOLIC ACID,CHEMBL205596,C[C@H](CCC(=O)O)[C@H]1CC[C@H]2[C@@H]3[C@H](O)C[C@@H]4C[C@H](O)CC[C@]4(C)[C@H]3C[C@H](O)[C@]12C,0.9199938873129726,0.1667894522085279
